,source,target,color,path,label,value,level
0,0,1,"rgba(0,0,255,0.2)",no_symptoms-->mild-->inconclusive-->inconclusive-->mild,mild,1,0
1,0,1,"rgba(0,0,255,0.2)",no_symptoms-->moderately_severe-->inconclusive-->inconclusive-->mild,mild,1,0
2,0,1,"rgba(0,0,255,0.2)",no_symptoms-->inconclusive-->inconclusive-->inconclusive-->mild,mild,571,0
3,1,21,"rgba(0,255,0,0.2)",no_symptoms-->mild-->inconclusive-->inconclusive-->mild,mild,1,4
4,1,21,"rgba(0,255,0,0.2)",no_symptoms-->moderately_severe-->inconclusive-->inconclusive-->mild,mild,1,4
5,1,21,"rgba(0,255,0,0.2)",no_symptoms-->inconclusive-->inconclusive-->inconclusive-->mild,mild,571,4
6,0,2,"rgba(0,255,0,0.2)",mild-->no_symptoms-->no_symptoms-->no_symptoms-->mild,mild,47,0
7,0,2,"rgba(0,255,0,0.2)",mild-->no_symptoms-->no_symptoms-->followup_sensitivity-->moderate,moderate,2,0
8,0,2,"rgba(0,255,0,0.2)",mild-->no_symptoms-->no_symptoms-->inconclusive-->inconclusive,inconclusive,1,0
9,0,2,"rgba(0,255,0,0.2)",mild-->no_symptoms-->mild-->no_symptoms-->mild,mild,125,0
10,0,2,"rgba(0,255,0,0.2)",mild-->no_symptoms-->mild-->followup_sensitivity-->moderate,moderate,9,0
11,0,2,"rgba(0,255,0,0.2)",mild-->no_symptoms-->mild-->followup_efficiency-->moderate,moderate,4,0
12,0,2,"rgba(0,255,0,0.2)",mild-->no_symptoms-->mild-->inconclusive-->inconclusive,inconclusive,1,0
13,0,2,"rgba(0,255,0,0.2)",mild-->no_symptoms-->moderate-->no_symptoms-->moderate,moderate,13,0
14,0,2,"rgba(0,255,0,0.2)",mild-->no_symptoms-->moderate-->followup_sensitivity-->moderate,moderate,2,0
15,0,2,"rgba(0,255,0,0.2)",mild-->no_symptoms-->moderate-->followup_efficiency-->moderate,moderate,1,0
16,0,2,"rgba(0,255,0,0.2)",mild-->no_symptoms-->moderate-->inconclusive-->inconclusive,inconclusive,1,0
17,0,2,"rgba(0,255,0,0.2)",mild-->no_symptoms-->severe-->no_symptoms-->moderate,moderate,1,0
18,0,2,"rgba(0,255,0,0.2)",mild-->no_symptoms-->inconclusive-->inconclusive-->inconclusive,inconclusive,4,0
19,0,2,"rgba(0,255,0,0.2)",mild-->mild-->no_symptoms-->no_symptoms-->mild,mild,77,0
20,0,2,"rgba(0,255,0,0.2)",mild-->mild-->no_symptoms-->followup_sensitivity-->moderate,moderate,3,0
21,0,2,"rgba(0,255,0,0.2)",mild-->mild-->no_symptoms-->followup_efficiency-->moderate,moderate,4,0
22,0,2,"rgba(0,255,0,0.2)",mild-->mild-->no_symptoms-->inconclusive-->inconclusive,inconclusive,2,0
23,0,2,"rgba(0,255,0,0.2)",mild-->mild-->mild-->no_symptoms-->mild,mild,251,0
24,0,2,"rgba(0,255,0,0.2)",mild-->mild-->mild-->followup_sensitivity-->moderate,moderate,45,0
25,0,2,"rgba(0,255,0,0.2)",mild-->mild-->mild-->followup_efficiency-->moderate,moderate,26,0
26,0,2,"rgba(0,255,0,0.2)",mild-->mild-->mild-->inconclusive-->inconclusive,inconclusive,6,0
27,0,2,"rgba(0,255,0,0.2)",mild-->mild-->moderate-->no_symptoms-->moderate,moderate,43,0
28,0,2,"rgba(0,255,0,0.2)",mild-->mild-->moderate-->followup_sensitivity-->moderate,moderate,13,0
29,0,2,"rgba(0,255,0,0.2)",mild-->mild-->moderate-->followup_efficiency-->moderate,moderate,7,0
30,0,2,"rgba(0,255,0,0.2)",mild-->mild-->severe-->no_symptoms-->moderate,moderate,2,0
31,0,2,"rgba(0,255,0,0.2)",mild-->mild-->severe-->followup_sensitivity-->moderate,moderate,1,0
32,0,2,"rgba(0,255,0,0.2)",mild-->mild-->severe-->followup_efficiency-->moderate,moderate,2,0
33,0,2,"rgba(0,255,0,0.2)",mild-->mild-->inconclusive-->no_symptoms-->inconclusive,inconclusive,1,0
34,0,2,"rgba(0,255,0,0.2)",mild-->mild-->inconclusive-->inconclusive-->inconclusive,inconclusive,13,0
35,0,2,"rgba(0,255,0,0.2)",mild-->moderate-->no_symptoms-->no_symptoms-->moderate,moderate,13,0
36,0,2,"rgba(0,255,0,0.2)",mild-->moderate-->no_symptoms-->followup_sensitivity-->moderate,moderate,1,0
37,0,2,"rgba(0,255,0,0.2)",mild-->moderate-->no_symptoms-->followup_efficiency-->moderate,moderate,2,0
38,0,2,"rgba(0,255,0,0.2)",mild-->moderate-->no_symptoms-->inconclusive-->inconclusive,inconclusive,1,0
39,0,2,"rgba(0,255,0,0.2)",mild-->moderate-->mild-->no_symptoms-->moderate,moderate,62,0
40,0,2,"rgba(0,255,0,0.2)",mild-->moderate-->mild-->followup_sensitivity-->moderate,moderate,8,0
41,0,2,"rgba(0,255,0,0.2)",mild-->moderate-->mild-->followup_efficiency-->moderate,moderate,10,0
42,0,2,"rgba(0,255,0,0.2)",mild-->moderate-->mild-->inconclusive-->inconclusive,inconclusive,2,0
43,0,2,"rgba(0,255,0,0.2)",mild-->moderate-->moderate-->no_symptoms-->moderate,moderate,23,0
44,0,2,"rgba(0,255,0,0.2)",mild-->moderate-->moderate-->followup_sensitivity-->moderate,moderate,2,0
45,0,2,"rgba(0,255,0,0.2)",mild-->moderate-->moderate-->followup_efficiency-->moderate,moderate,8,0
46,0,2,"rgba(0,255,0,0.2)",mild-->moderate-->severe-->no_symptoms-->moderate,moderate,2,0
47,0,2,"rgba(0,255,0,0.2)",mild-->moderate-->severe-->followup_sensitivity-->moderate,moderate,1,0
48,0,2,"rgba(0,255,0,0.2)",mild-->moderate-->severe-->followup_efficiency-->moderate,moderate,1,0
49,0,2,"rgba(0,255,0,0.2)",mild-->moderate-->inconclusive-->inconclusive-->inconclusive,inconclusive,5,0
50,0,2,"rgba(0,255,0,0.2)",mild-->moderately_severe-->no_symptoms-->no_symptoms-->moderate,moderate,4,0
51,0,2,"rgba(0,255,0,0.2)",mild-->moderately_severe-->mild-->no_symptoms-->moderate,moderate,6,0
52,0,2,"rgba(0,255,0,0.2)",mild-->moderately_severe-->mild-->followup_sensitivity-->moderate,moderate,2,0
53,0,2,"rgba(0,255,0,0.2)",mild-->moderately_severe-->mild-->followup_efficiency-->moderate,moderate,2,0
54,0,2,"rgba(0,255,0,0.2)",mild-->moderately_severe-->moderate-->no_symptoms-->moderate,moderate,5,0
55,0,2,"rgba(0,255,0,0.2)",mild-->moderately_severe-->moderate-->followup_sensitivity-->moderate,moderate,2,0
56,0,2,"rgba(0,255,0,0.2)",mild-->moderately_severe-->moderate-->followup_efficiency-->moderate,moderate,1,0
57,0,2,"rgba(0,255,0,0.2)",mild-->moderately_severe-->severe-->followup_sensitivity-->moderate,moderate,1,0
58,0,2,"rgba(0,255,0,0.2)",mild-->inconclusive-->severe-->no_symptoms-->inconclusive,inconclusive,1,0
59,0,2,"rgba(0,255,0,0.2)",mild-->inconclusive-->inconclusive-->inconclusive-->inconclusive,inconclusive,49,0
60,0,3,"rgba(255,128,0,0.2)",moderate-->no_symptoms-->no_symptoms-->no_symptoms-->mild,mild,1,0
61,0,3,"rgba(255,128,0,0.2)",moderate-->no_symptoms-->mild-->no_symptoms-->mild,mild,8,0
62,0,3,"rgba(255,128,0,0.2)",moderate-->no_symptoms-->mild-->followup_sensitivity-->moderate,moderate,1,0
63,0,3,"rgba(255,128,0,0.2)",moderate-->no_symptoms-->moderate-->no_symptoms-->moderate,moderate,15,0
64,0,3,"rgba(255,128,0,0.2)",moderate-->no_symptoms-->moderate-->followup_sensitivity-->moderate,moderate,2,0
65,0,3,"rgba(255,128,0,0.2)",moderate-->no_symptoms-->severe-->no_symptoms-->moderate,moderate,2,0
66,0,3,"rgba(255,128,0,0.2)",moderate-->no_symptoms-->severe-->no_symptoms-->severe,severe,5,0
67,0,3,"rgba(255,128,0,0.2)",moderate-->no_symptoms-->severe-->followup_sensitivity-->moderate,moderate,1,0
68,0,3,"rgba(255,128,0,0.2)",moderate-->no_symptoms-->severe-->followup_efficiency-->moderate,moderate,1,0
69,0,3,"rgba(255,128,0,0.2)",moderate-->mild-->no_symptoms-->no_symptoms-->mild,mild,2,0
70,0,3,"rgba(255,128,0,0.2)",moderate-->mild-->mild-->no_symptoms-->mild,mild,61,0
71,0,3,"rgba(255,128,0,0.2)",moderate-->mild-->mild-->followup_sensitivity-->moderate,moderate,15,0
72,0,3,"rgba(255,128,0,0.2)",moderate-->mild-->mild-->followup_efficiency-->moderate,moderate,8,0
73,0,3,"rgba(255,128,0,0.2)",moderate-->mild-->mild-->inconclusive-->inconclusive,inconclusive,2,0
74,0,3,"rgba(255,128,0,0.2)",moderate-->mild-->moderate-->no_symptoms-->moderate,moderate,93,0
75,0,3,"rgba(255,128,0,0.2)",moderate-->mild-->moderate-->followup_sensitivity-->moderate,moderate,14,0
76,0,3,"rgba(255,128,0,0.2)",moderate-->mild-->moderate-->followup_efficiency-->moderate,moderate,13,0
77,0,3,"rgba(255,128,0,0.2)",moderate-->mild-->moderate-->inconclusive-->inconclusive,inconclusive,2,0
78,0,3,"rgba(255,128,0,0.2)",moderate-->mild-->severe-->no_symptoms-->moderate,moderate,20,0
79,0,3,"rgba(255,128,0,0.2)",moderate-->mild-->severe-->followup_sensitivity-->moderate,moderate,7,0
80,0,3,"rgba(255,128,0,0.2)",moderate-->mild-->severe-->followup_efficiency-->moderate,moderate,13,0
81,0,3,"rgba(255,128,0,0.2)",moderate-->mild-->severe-->inconclusive-->inconclusive,inconclusive,1,0
82,0,3,"rgba(255,128,0,0.2)",moderate-->mild-->inconclusive-->inconclusive-->inconclusive,inconclusive,6,0
83,0,3,"rgba(255,128,0,0.2)",moderate-->moderate-->no_symptoms-->no_symptoms-->moderate,moderate,1,0
84,0,3,"rgba(255,128,0,0.2)",moderate-->moderate-->mild-->no_symptoms-->moderate,moderate,43,0
85,0,3,"rgba(255,128,0,0.2)",moderate-->moderate-->mild-->followup_sensitivity-->moderate,moderate,13,0
86,0,3,"rgba(255,128,0,0.2)",moderate-->moderate-->mild-->followup_efficiency-->moderate,moderate,10,0
87,0,3,"rgba(255,128,0,0.2)",moderate-->moderate-->mild-->inconclusive-->inconclusive,inconclusive,2,0
88,0,3,"rgba(255,128,0,0.2)",moderate-->moderate-->moderate-->no_symptoms-->moderate,moderate,83,0
89,0,3,"rgba(255,128,0,0.2)",moderate-->moderate-->moderate-->followup_sensitivity-->moderate,moderate,27,0
90,0,3,"rgba(255,128,0,0.2)",moderate-->moderate-->moderate-->followup_efficiency-->moderate,moderate,22,0
91,0,3,"rgba(255,128,0,0.2)",moderate-->moderate-->moderate-->inconclusive-->inconclusive,inconclusive,2,0
92,0,3,"rgba(255,128,0,0.2)",moderate-->moderate-->severe-->no_symptoms-->moderate,moderate,29,0
93,0,3,"rgba(255,128,0,0.2)",moderate-->moderate-->severe-->no_symptoms-->severe,severe,3,0
94,0,3,"rgba(255,128,0,0.2)",moderate-->moderate-->severe-->followup_sensitivity-->moderate,moderate,15,0
95,0,3,"rgba(255,128,0,0.2)",moderate-->moderate-->severe-->followup_sensitivity-->severe,severe,4,0
96,0,3,"rgba(255,128,0,0.2)",moderate-->moderate-->severe-->followup_efficiency-->moderate,moderate,15,0
97,0,3,"rgba(255,128,0,0.2)",moderate-->moderate-->severe-->followup_efficiency-->severe,severe,1,0
98,0,3,"rgba(255,128,0,0.2)",moderate-->moderate-->inconclusive-->inconclusive-->inconclusive,inconclusive,11,0
99,0,3,"rgba(255,128,0,0.2)",moderate-->moderately_severe-->no_symptoms-->no_symptoms-->moderate,moderate,1,0
100,0,3,"rgba(255,128,0,0.2)",moderate-->moderately_severe-->no_symptoms-->inconclusive-->inconclusive,inconclusive,1,0
101,0,3,"rgba(255,128,0,0.2)",moderate-->moderately_severe-->mild-->no_symptoms-->moderate,moderate,25,0
102,0,3,"rgba(255,128,0,0.2)",moderate-->moderately_severe-->mild-->followup_sensitivity-->moderate,moderate,3,0
103,0,3,"rgba(255,128,0,0.2)",moderate-->moderately_severe-->mild-->followup_efficiency-->moderate,moderate,1,0
104,0,3,"rgba(255,128,0,0.2)",moderate-->moderately_severe-->moderate-->no_symptoms-->moderate,moderate,21,0
105,0,3,"rgba(255,128,0,0.2)",moderate-->moderately_severe-->moderate-->followup_sensitivity-->moderate,moderate,14,0
106,0,3,"rgba(255,128,0,0.2)",moderate-->moderately_severe-->moderate-->followup_efficiency-->moderate,moderate,16,0
107,0,3,"rgba(255,128,0,0.2)",moderate-->moderately_severe-->moderate-->inconclusive-->inconclusive,inconclusive,1,0
108,0,3,"rgba(255,128,0,0.2)",moderate-->moderately_severe-->severe-->no_symptoms-->moderate,moderate,9,0
109,0,3,"rgba(255,128,0,0.2)",moderate-->moderately_severe-->severe-->no_symptoms-->severe,severe,1,0
110,0,3,"rgba(255,128,0,0.2)",moderate-->moderately_severe-->severe-->followup_sensitivity-->moderate,moderate,2,0
111,0,3,"rgba(255,128,0,0.2)",moderate-->moderately_severe-->severe-->followup_sensitivity-->severe,severe,1,0
112,0,3,"rgba(255,128,0,0.2)",moderate-->moderately_severe-->severe-->followup_efficiency-->moderate,moderate,11,0
113,0,3,"rgba(255,128,0,0.2)",moderate-->moderately_severe-->inconclusive-->inconclusive-->inconclusive,inconclusive,5,0
114,0,3,"rgba(255,128,0,0.2)",moderate-->severe-->no_symptoms-->no_symptoms-->severe,severe,1,0
115,0,3,"rgba(255,128,0,0.2)",moderate-->severe-->mild-->no_symptoms-->severe,severe,1,0
116,0,3,"rgba(255,128,0,0.2)",moderate-->severe-->mild-->followup_efficiency-->severe,severe,1,0
117,0,3,"rgba(255,128,0,0.2)",moderate-->severe-->moderate-->no_symptoms-->severe,severe,4,0
118,0,3,"rgba(255,128,0,0.2)",moderate-->severe-->moderate-->followup_sensitivity-->severe,severe,2,0
119,0,3,"rgba(255,128,0,0.2)",moderate-->severe-->severe-->no_symptoms-->severe,severe,2,0
120,0,3,"rgba(255,128,0,0.2)",moderate-->severe-->severe-->followup_sensitivity-->severe,severe,1,0
121,0,3,"rgba(255,128,0,0.2)",moderate-->severe-->severe-->followup_efficiency-->severe,severe,1,0
122,0,3,"rgba(255,128,0,0.2)",moderate-->severe-->inconclusive-->inconclusive-->inconclusive,inconclusive,3,0
123,0,3,"rgba(255,128,0,0.2)",moderate-->inconclusive-->moderate-->inconclusive-->inconclusive,inconclusive,1,0
124,0,3,"rgba(255,128,0,0.2)",moderate-->inconclusive-->severe-->no_symptoms-->inconclusive,inconclusive,1,0
125,0,3,"rgba(255,128,0,0.2)",moderate-->inconclusive-->inconclusive-->inconclusive-->inconclusive,inconclusive,32,0
126,0,4,"rgba(255,0,0,0.2)",severe-->mild-->mild-->no_symptoms-->mild,mild,5,0
127,0,4,"rgba(255,0,0,0.2)",severe-->mild-->moderate-->no_symptoms-->moderate,moderate,8,0
128,0,4,"rgba(255,0,0,0.2)",severe-->mild-->moderate-->followup_sensitivity-->moderate,moderate,1,0
129,0,4,"rgba(255,0,0,0.2)",severe-->mild-->severe-->no_symptoms-->moderate,moderate,8,0
130,0,4,"rgba(255,0,0,0.2)",severe-->mild-->severe-->no_symptoms-->severe,severe,1,0
131,0,4,"rgba(255,0,0,0.2)",severe-->mild-->severe-->followup_sensitivity-->moderate,moderate,2,0
132,0,4,"rgba(255,0,0,0.2)",severe-->mild-->severe-->followup_efficiency-->moderate,moderate,1,0
133,0,4,"rgba(255,0,0,0.2)",severe-->mild-->severe-->inconclusive-->inconclusive,inconclusive,1,0
134,0,4,"rgba(255,0,0,0.2)",severe-->mild-->inconclusive-->inconclusive-->inconclusive,inconclusive,1,0
135,0,4,"rgba(255,0,0,0.2)",severe-->moderate-->mild-->no_symptoms-->moderate,moderate,11,0
136,0,4,"rgba(255,0,0,0.2)",severe-->moderate-->mild-->followup_sensitivity-->moderate,moderate,1,0
137,0,4,"rgba(255,0,0,0.2)",severe-->moderate-->moderate-->no_symptoms-->moderate,moderate,27,0
138,0,4,"rgba(255,0,0,0.2)",severe-->moderate-->moderate-->followup_sensitivity-->moderate,moderate,6,0
139,0,4,"rgba(255,0,0,0.2)",severe-->moderate-->moderate-->followup_efficiency-->moderate,moderate,9,0
140,0,4,"rgba(255,0,0,0.2)",severe-->moderate-->moderate-->inconclusive-->inconclusive,inconclusive,2,0
141,0,4,"rgba(255,0,0,0.2)",severe-->moderate-->severe-->no_symptoms-->moderate,moderate,34,0
142,0,4,"rgba(255,0,0,0.2)",severe-->moderate-->severe-->no_symptoms-->severe,severe,4,0
143,0,4,"rgba(255,0,0,0.2)",severe-->moderate-->severe-->followup_sensitivity-->moderate,moderate,9,0
144,0,4,"rgba(255,0,0,0.2)",severe-->moderate-->severe-->followup_sensitivity-->severe,severe,1,0
145,0,4,"rgba(255,0,0,0.2)",severe-->moderate-->severe-->followup_efficiency-->moderate,moderate,9,0
146,0,4,"rgba(255,0,0,0.2)",severe-->moderate-->severe-->followup_efficiency-->severe,severe,4,0
147,0,4,"rgba(255,0,0,0.2)",severe-->moderate-->severe-->inconclusive-->inconclusive,inconclusive,2,0
148,0,4,"rgba(255,0,0,0.2)",severe-->moderate-->inconclusive-->inconclusive-->inconclusive,inconclusive,2,0
149,0,4,"rgba(255,0,0,0.2)",severe-->moderately_severe-->mild-->no_symptoms-->moderate,moderate,6,0
150,0,4,"rgba(255,0,0,0.2)",severe-->moderately_severe-->mild-->followup_sensitivity-->moderate,moderate,1,0
151,0,4,"rgba(255,0,0,0.2)",severe-->moderately_severe-->moderate-->no_symptoms-->moderate,moderate,33,0
152,0,4,"rgba(255,0,0,0.2)",severe-->moderately_severe-->moderate-->followup_sensitivity-->moderate,moderate,10,0
153,0,4,"rgba(255,0,0,0.2)",severe-->moderately_severe-->moderate-->followup_efficiency-->moderate,moderate,12,0
154,0,4,"rgba(255,0,0,0.2)",severe-->moderately_severe-->moderate-->inconclusive-->inconclusive,inconclusive,2,0
155,0,4,"rgba(255,0,0,0.2)",severe-->moderately_severe-->severe-->no_symptoms-->moderate,moderate,38,0
156,0,4,"rgba(255,0,0,0.2)",severe-->moderately_severe-->severe-->no_symptoms-->severe,severe,11,0
157,0,4,"rgba(255,0,0,0.2)",severe-->moderately_severe-->severe-->followup_sensitivity-->moderate,moderate,22,0
158,0,4,"rgba(255,0,0,0.2)",severe-->moderately_severe-->severe-->followup_sensitivity-->severe,severe,5,0
159,0,4,"rgba(255,0,0,0.2)",severe-->moderately_severe-->severe-->followup_efficiency-->moderate,moderate,26,0
160,0,4,"rgba(255,0,0,0.2)",severe-->moderately_severe-->severe-->followup_efficiency-->severe,severe,11,0
161,0,4,"rgba(255,0,0,0.2)",severe-->moderately_severe-->severe-->inconclusive-->inconclusive,inconclusive,2,0
162,0,4,"rgba(255,0,0,0.2)",severe-->moderately_severe-->inconclusive-->inconclusive-->inconclusive,inconclusive,10,0
163,0,4,"rgba(255,0,0,0.2)",severe-->severe-->mild-->no_symptoms-->severe,severe,4,0
164,0,4,"rgba(255,0,0,0.2)",severe-->severe-->mild-->followup_sensitivity-->severe,severe,1,0
165,0,4,"rgba(255,0,0,0.2)",severe-->severe-->moderate-->no_symptoms-->severe,severe,15,0
166,0,4,"rgba(255,0,0,0.2)",severe-->severe-->moderate-->followup_sensitivity-->severe,severe,6,0
167,0,4,"rgba(255,0,0,0.2)",severe-->severe-->moderate-->followup_efficiency-->severe,severe,2,0
168,0,4,"rgba(255,0,0,0.2)",severe-->severe-->moderate-->inconclusive-->inconclusive,inconclusive,1,0
169,0,4,"rgba(255,0,0,0.2)",severe-->severe-->severe-->no_symptoms-->severe,severe,54,0
170,0,4,"rgba(255,0,0,0.2)",severe-->severe-->severe-->followup_sensitivity-->severe,severe,21,0
171,0,4,"rgba(255,0,0,0.2)",severe-->severe-->severe-->followup_efficiency-->severe,severe,53,0
172,0,4,"rgba(255,0,0,0.2)",severe-->severe-->severe-->inconclusive-->inconclusive,inconclusive,2,0
173,0,4,"rgba(255,0,0,0.2)",severe-->severe-->inconclusive-->inconclusive-->inconclusive,inconclusive,10,0
174,0,4,"rgba(255,0,0,0.2)",severe-->inconclusive-->inconclusive-->inconclusive-->inconclusive,inconclusive,25,0
175,2,6,"rgba(0,0,255,0.2)",mild-->no_symptoms-->no_symptoms-->no_symptoms-->mild,mild,47,1
176,2,6,"rgba(0,0,255,0.2)",mild-->no_symptoms-->no_symptoms-->followup_sensitivity-->moderate,moderate,2,1
177,2,6,"rgba(0,0,255,0.2)",mild-->no_symptoms-->no_symptoms-->inconclusive-->inconclusive,inconclusive,1,1
178,2,6,"rgba(0,0,255,0.2)",mild-->no_symptoms-->mild-->no_symptoms-->mild,mild,125,1
179,2,6,"rgba(0,0,255,0.2)",mild-->no_symptoms-->mild-->followup_sensitivity-->moderate,moderate,9,1
180,2,6,"rgba(0,0,255,0.2)",mild-->no_symptoms-->mild-->followup_efficiency-->moderate,moderate,4,1
181,2,6,"rgba(0,0,255,0.2)",mild-->no_symptoms-->mild-->inconclusive-->inconclusive,inconclusive,1,1
182,2,6,"rgba(0,0,255,0.2)",mild-->no_symptoms-->moderate-->no_symptoms-->moderate,moderate,13,1
183,2,6,"rgba(0,0,255,0.2)",mild-->no_symptoms-->moderate-->followup_sensitivity-->moderate,moderate,2,1
184,2,6,"rgba(0,0,255,0.2)",mild-->no_symptoms-->moderate-->followup_efficiency-->moderate,moderate,1,1
185,2,6,"rgba(0,0,255,0.2)",mild-->no_symptoms-->moderate-->inconclusive-->inconclusive,inconclusive,1,1
186,2,6,"rgba(0,0,255,0.2)",mild-->no_symptoms-->severe-->no_symptoms-->moderate,moderate,1,1
187,2,6,"rgba(0,0,255,0.2)",mild-->no_symptoms-->inconclusive-->inconclusive-->inconclusive,inconclusive,4,1
188,2,7,"rgba(0,255,0,0.2)",mild-->mild-->no_symptoms-->no_symptoms-->mild,mild,77,1
189,2,7,"rgba(0,255,0,0.2)",mild-->mild-->no_symptoms-->followup_sensitivity-->moderate,moderate,3,1
190,2,7,"rgba(0,255,0,0.2)",mild-->mild-->no_symptoms-->followup_efficiency-->moderate,moderate,4,1
191,2,7,"rgba(0,255,0,0.2)",mild-->mild-->no_symptoms-->inconclusive-->inconclusive,inconclusive,2,1
192,2,7,"rgba(0,255,0,0.2)",mild-->mild-->mild-->no_symptoms-->mild,mild,251,1
193,2,7,"rgba(0,255,0,0.2)",mild-->mild-->mild-->followup_sensitivity-->moderate,moderate,45,1
194,2,7,"rgba(0,255,0,0.2)",mild-->mild-->mild-->followup_efficiency-->moderate,moderate,26,1
195,2,7,"rgba(0,255,0,0.2)",mild-->mild-->mild-->inconclusive-->inconclusive,inconclusive,6,1
196,2,7,"rgba(0,255,0,0.2)",mild-->mild-->moderate-->no_symptoms-->moderate,moderate,43,1
197,2,7,"rgba(0,255,0,0.2)",mild-->mild-->moderate-->followup_sensitivity-->moderate,moderate,13,1
198,2,7,"rgba(0,255,0,0.2)",mild-->mild-->moderate-->followup_efficiency-->moderate,moderate,7,1
199,2,7,"rgba(0,255,0,0.2)",mild-->mild-->severe-->no_symptoms-->moderate,moderate,2,1
200,2,7,"rgba(0,255,0,0.2)",mild-->mild-->severe-->followup_sensitivity-->moderate,moderate,1,1
201,2,7,"rgba(0,255,0,0.2)",mild-->mild-->severe-->followup_efficiency-->moderate,moderate,2,1
202,2,7,"rgba(0,255,0,0.2)",mild-->mild-->inconclusive-->no_symptoms-->inconclusive,inconclusive,1,1
203,2,7,"rgba(0,255,0,0.2)",mild-->mild-->inconclusive-->inconclusive-->inconclusive,inconclusive,13,1
204,2,8,"rgba(255,128,0,0.2)",mild-->moderate-->no_symptoms-->no_symptoms-->moderate,moderate,13,1
205,2,8,"rgba(255,128,0,0.2)",mild-->moderate-->no_symptoms-->followup_sensitivity-->moderate,moderate,1,1
206,2,8,"rgba(255,128,0,0.2)",mild-->moderate-->no_symptoms-->followup_efficiency-->moderate,moderate,2,1
207,2,8,"rgba(255,128,0,0.2)",mild-->moderate-->no_symptoms-->inconclusive-->inconclusive,inconclusive,1,1
208,2,8,"rgba(255,128,0,0.2)",mild-->moderate-->mild-->no_symptoms-->moderate,moderate,62,1
209,2,8,"rgba(255,128,0,0.2)",mild-->moderate-->mild-->followup_sensitivity-->moderate,moderate,8,1
210,2,8,"rgba(255,128,0,0.2)",mild-->moderate-->mild-->followup_efficiency-->moderate,moderate,10,1
211,2,8,"rgba(255,128,0,0.2)",mild-->moderate-->mild-->inconclusive-->inconclusive,inconclusive,2,1
212,2,8,"rgba(255,128,0,0.2)",mild-->moderate-->moderate-->no_symptoms-->moderate,moderate,23,1
213,2,8,"rgba(255,128,0,0.2)",mild-->moderate-->moderate-->followup_sensitivity-->moderate,moderate,2,1
214,2,8,"rgba(255,128,0,0.2)",mild-->moderate-->moderate-->followup_efficiency-->moderate,moderate,8,1
215,2,8,"rgba(255,128,0,0.2)",mild-->moderate-->severe-->no_symptoms-->moderate,moderate,2,1
216,2,8,"rgba(255,128,0,0.2)",mild-->moderate-->severe-->followup_sensitivity-->moderate,moderate,1,1
217,2,8,"rgba(255,128,0,0.2)",mild-->moderate-->severe-->followup_efficiency-->moderate,moderate,1,1
218,2,8,"rgba(255,128,0,0.2)",mild-->moderate-->inconclusive-->inconclusive-->inconclusive,inconclusive,5,1
219,2,9,"rgba(204,0,102,0.2)",mild-->moderately_severe-->no_symptoms-->no_symptoms-->moderate,moderate,4,1
220,2,9,"rgba(204,0,102,0.2)",mild-->moderately_severe-->mild-->no_symptoms-->moderate,moderate,6,1
221,2,9,"rgba(204,0,102,0.2)",mild-->moderately_severe-->mild-->followup_sensitivity-->moderate,moderate,2,1
222,2,9,"rgba(204,0,102,0.2)",mild-->moderately_severe-->mild-->followup_efficiency-->moderate,moderate,2,1
223,2,9,"rgba(204,0,102,0.2)",mild-->moderately_severe-->moderate-->no_symptoms-->moderate,moderate,5,1
224,2,9,"rgba(204,0,102,0.2)",mild-->moderately_severe-->moderate-->followup_sensitivity-->moderate,moderate,2,1
225,2,9,"rgba(204,0,102,0.2)",mild-->moderately_severe-->moderate-->followup_efficiency-->moderate,moderate,1,1
226,2,9,"rgba(204,0,102,0.2)",mild-->moderately_severe-->severe-->followup_sensitivity-->moderate,moderate,1,1
227,2,11,"rgba(192,192,192,0.2)",mild-->inconclusive-->severe-->no_symptoms-->inconclusive,inconclusive,1,1
228,2,11,"rgba(192,192,192,0.2)",mild-->inconclusive-->inconclusive-->inconclusive-->inconclusive,inconclusive,49,1
229,3,6,"rgba(0,0,255,0.2)",moderate-->no_symptoms-->no_symptoms-->no_symptoms-->mild,mild,1,1
230,3,6,"rgba(0,0,255,0.2)",moderate-->no_symptoms-->mild-->no_symptoms-->mild,mild,8,1
231,3,6,"rgba(0,0,255,0.2)",moderate-->no_symptoms-->mild-->followup_sensitivity-->moderate,moderate,1,1
232,3,6,"rgba(0,0,255,0.2)",moderate-->no_symptoms-->moderate-->no_symptoms-->moderate,moderate,15,1
233,3,6,"rgba(0,0,255,0.2)",moderate-->no_symptoms-->moderate-->followup_sensitivity-->moderate,moderate,2,1
234,3,6,"rgba(0,0,255,0.2)",moderate-->no_symptoms-->severe-->no_symptoms-->moderate,moderate,2,1
235,3,6,"rgba(0,0,255,0.2)",moderate-->no_symptoms-->severe-->no_symptoms-->severe,severe,5,1
236,3,6,"rgba(0,0,255,0.2)",moderate-->no_symptoms-->severe-->followup_sensitivity-->moderate,moderate,1,1
237,3,6,"rgba(0,0,255,0.2)",moderate-->no_symptoms-->severe-->followup_efficiency-->moderate,moderate,1,1
238,3,7,"rgba(0,255,0,0.2)",moderate-->mild-->no_symptoms-->no_symptoms-->mild,mild,2,1
239,3,7,"rgba(0,255,0,0.2)",moderate-->mild-->mild-->no_symptoms-->mild,mild,61,1
240,3,7,"rgba(0,255,0,0.2)",moderate-->mild-->mild-->followup_sensitivity-->moderate,moderate,15,1
241,3,7,"rgba(0,255,0,0.2)",moderate-->mild-->mild-->followup_efficiency-->moderate,moderate,8,1
242,3,7,"rgba(0,255,0,0.2)",moderate-->mild-->mild-->inconclusive-->inconclusive,inconclusive,2,1
243,3,7,"rgba(0,255,0,0.2)",moderate-->mild-->moderate-->no_symptoms-->moderate,moderate,93,1
244,3,7,"rgba(0,255,0,0.2)",moderate-->mild-->moderate-->followup_sensitivity-->moderate,moderate,14,1
245,3,7,"rgba(0,255,0,0.2)",moderate-->mild-->moderate-->followup_efficiency-->moderate,moderate,13,1
246,3,7,"rgba(0,255,0,0.2)",moderate-->mild-->moderate-->inconclusive-->inconclusive,inconclusive,2,1
247,3,7,"rgba(0,255,0,0.2)",moderate-->mild-->severe-->no_symptoms-->moderate,moderate,20,1
248,3,7,"rgba(0,255,0,0.2)",moderate-->mild-->severe-->followup_sensitivity-->moderate,moderate,7,1
249,3,7,"rgba(0,255,0,0.2)",moderate-->mild-->severe-->followup_efficiency-->moderate,moderate,13,1
250,3,7,"rgba(0,255,0,0.2)",moderate-->mild-->severe-->inconclusive-->inconclusive,inconclusive,1,1
251,3,7,"rgba(0,255,0,0.2)",moderate-->mild-->inconclusive-->inconclusive-->inconclusive,inconclusive,6,1
252,3,8,"rgba(255,128,0,0.2)",moderate-->moderate-->no_symptoms-->no_symptoms-->moderate,moderate,1,1
253,3,8,"rgba(255,128,0,0.2)",moderate-->moderate-->mild-->no_symptoms-->moderate,moderate,43,1
254,3,8,"rgba(255,128,0,0.2)",moderate-->moderate-->mild-->followup_sensitivity-->moderate,moderate,13,1
255,3,8,"rgba(255,128,0,0.2)",moderate-->moderate-->mild-->followup_efficiency-->moderate,moderate,10,1
256,3,8,"rgba(255,128,0,0.2)",moderate-->moderate-->mild-->inconclusive-->inconclusive,inconclusive,2,1
257,3,8,"rgba(255,128,0,0.2)",moderate-->moderate-->moderate-->no_symptoms-->moderate,moderate,83,1
258,3,8,"rgba(255,128,0,0.2)",moderate-->moderate-->moderate-->followup_sensitivity-->moderate,moderate,27,1
259,3,8,"rgba(255,128,0,0.2)",moderate-->moderate-->moderate-->followup_efficiency-->moderate,moderate,22,1
260,3,8,"rgba(255,128,0,0.2)",moderate-->moderate-->moderate-->inconclusive-->inconclusive,inconclusive,2,1
261,3,8,"rgba(255,128,0,0.2)",moderate-->moderate-->severe-->no_symptoms-->moderate,moderate,29,1
262,3,8,"rgba(255,128,0,0.2)",moderate-->moderate-->severe-->no_symptoms-->severe,severe,3,1
263,3,8,"rgba(255,128,0,0.2)",moderate-->moderate-->severe-->followup_sensitivity-->moderate,moderate,15,1
264,3,8,"rgba(255,128,0,0.2)",moderate-->moderate-->severe-->followup_sensitivity-->severe,severe,4,1
265,3,8,"rgba(255,128,0,0.2)",moderate-->moderate-->severe-->followup_efficiency-->moderate,moderate,15,1
266,3,8,"rgba(255,128,0,0.2)",moderate-->moderate-->severe-->followup_efficiency-->severe,severe,1,1
267,3,8,"rgba(255,128,0,0.2)",moderate-->moderate-->inconclusive-->inconclusive-->inconclusive,inconclusive,11,1
268,3,9,"rgba(204,0,102,0.2)",moderate-->moderately_severe-->no_symptoms-->no_symptoms-->moderate,moderate,1,1
269,3,9,"rgba(204,0,102,0.2)",moderate-->moderately_severe-->no_symptoms-->inconclusive-->inconclusive,inconclusive,1,1
270,3,9,"rgba(204,0,102,0.2)",moderate-->moderately_severe-->mild-->no_symptoms-->moderate,moderate,25,1
271,3,9,"rgba(204,0,102,0.2)",moderate-->moderately_severe-->mild-->followup_sensitivity-->moderate,moderate,3,1
272,3,9,"rgba(204,0,102,0.2)",moderate-->moderately_severe-->mild-->followup_efficiency-->moderate,moderate,1,1
273,3,9,"rgba(204,0,102,0.2)",moderate-->moderately_severe-->moderate-->no_symptoms-->moderate,moderate,21,1
274,3,9,"rgba(204,0,102,0.2)",moderate-->moderately_severe-->moderate-->followup_sensitivity-->moderate,moderate,14,1
275,3,9,"rgba(204,0,102,0.2)",moderate-->moderately_severe-->moderate-->followup_efficiency-->moderate,moderate,16,1
276,3,9,"rgba(204,0,102,0.2)",moderate-->moderately_severe-->moderate-->inconclusive-->inconclusive,inconclusive,1,1
277,3,9,"rgba(204,0,102,0.2)",moderate-->moderately_severe-->severe-->no_symptoms-->moderate,moderate,9,1
278,3,9,"rgba(204,0,102,0.2)",moderate-->moderately_severe-->severe-->no_symptoms-->severe,severe,1,1
279,3,9,"rgba(204,0,102,0.2)",moderate-->moderately_severe-->severe-->followup_sensitivity-->moderate,moderate,2,1
280,3,9,"rgba(204,0,102,0.2)",moderate-->moderately_severe-->severe-->followup_sensitivity-->severe,severe,1,1
281,3,9,"rgba(204,0,102,0.2)",moderate-->moderately_severe-->severe-->followup_efficiency-->moderate,moderate,11,1
282,3,9,"rgba(204,0,102,0.2)",moderate-->moderately_severe-->inconclusive-->inconclusive-->inconclusive,inconclusive,5,1
283,3,10,"rgba(255,0,0,0.2)",moderate-->severe-->no_symptoms-->no_symptoms-->severe,severe,1,1
284,3,10,"rgba(255,0,0,0.2)",moderate-->severe-->mild-->no_symptoms-->severe,severe,1,1
285,3,10,"rgba(255,0,0,0.2)",moderate-->severe-->mild-->followup_efficiency-->severe,severe,1,1
286,3,10,"rgba(255,0,0,0.2)",moderate-->severe-->moderate-->no_symptoms-->severe,severe,4,1
287,3,10,"rgba(255,0,0,0.2)",moderate-->severe-->moderate-->followup_sensitivity-->severe,severe,2,1
288,3,10,"rgba(255,0,0,0.2)",moderate-->severe-->severe-->no_symptoms-->severe,severe,2,1
289,3,10,"rgba(255,0,0,0.2)",moderate-->severe-->severe-->followup_sensitivity-->severe,severe,1,1
290,3,10,"rgba(255,0,0,0.2)",moderate-->severe-->severe-->followup_efficiency-->severe,severe,1,1
291,3,10,"rgba(255,0,0,0.2)",moderate-->severe-->inconclusive-->inconclusive-->inconclusive,inconclusive,3,1
292,3,11,"rgba(192,192,192,0.2)",moderate-->inconclusive-->moderate-->inconclusive-->inconclusive,inconclusive,1,1
293,3,11,"rgba(192,192,192,0.2)",moderate-->inconclusive-->severe-->no_symptoms-->inconclusive,inconclusive,1,1
294,3,11,"rgba(192,192,192,0.2)",moderate-->inconclusive-->inconclusive-->inconclusive-->inconclusive,inconclusive,32,1
295,4,7,"rgba(0,255,0,0.2)",severe-->mild-->mild-->no_symptoms-->mild,mild,5,1
296,4,7,"rgba(0,255,0,0.2)",severe-->mild-->moderate-->no_symptoms-->moderate,moderate,8,1
297,4,7,"rgba(0,255,0,0.2)",severe-->mild-->moderate-->followup_sensitivity-->moderate,moderate,1,1
298,4,7,"rgba(0,255,0,0.2)",severe-->mild-->severe-->no_symptoms-->moderate,moderate,8,1
299,4,7,"rgba(0,255,0,0.2)",severe-->mild-->severe-->no_symptoms-->severe,severe,1,1
300,4,7,"rgba(0,255,0,0.2)",severe-->mild-->severe-->followup_sensitivity-->moderate,moderate,2,1
301,4,7,"rgba(0,255,0,0.2)",severe-->mild-->severe-->followup_efficiency-->moderate,moderate,1,1
302,4,7,"rgba(0,255,0,0.2)",severe-->mild-->severe-->inconclusive-->inconclusive,inconclusive,1,1
303,4,7,"rgba(0,255,0,0.2)",severe-->mild-->inconclusive-->inconclusive-->inconclusive,inconclusive,1,1
304,4,8,"rgba(255,128,0,0.2)",severe-->moderate-->mild-->no_symptoms-->moderate,moderate,11,1
305,4,8,"rgba(255,128,0,0.2)",severe-->moderate-->mild-->followup_sensitivity-->moderate,moderate,1,1
306,4,8,"rgba(255,128,0,0.2)",severe-->moderate-->moderate-->no_symptoms-->moderate,moderate,27,1
307,4,8,"rgba(255,128,0,0.2)",severe-->moderate-->moderate-->followup_sensitivity-->moderate,moderate,6,1
308,4,8,"rgba(255,128,0,0.2)",severe-->moderate-->moderate-->followup_efficiency-->moderate,moderate,9,1
309,4,8,"rgba(255,128,0,0.2)",severe-->moderate-->moderate-->inconclusive-->inconclusive,inconclusive,2,1
310,4,8,"rgba(255,128,0,0.2)",severe-->moderate-->severe-->no_symptoms-->moderate,moderate,34,1
311,4,8,"rgba(255,128,0,0.2)",severe-->moderate-->severe-->no_symptoms-->severe,severe,4,1
312,4,8,"rgba(255,128,0,0.2)",severe-->moderate-->severe-->followup_sensitivity-->moderate,moderate,9,1
313,4,8,"rgba(255,128,0,0.2)",severe-->moderate-->severe-->followup_sensitivity-->severe,severe,1,1
314,4,8,"rgba(255,128,0,0.2)",severe-->moderate-->severe-->followup_efficiency-->moderate,moderate,9,1
315,4,8,"rgba(255,128,0,0.2)",severe-->moderate-->severe-->followup_efficiency-->severe,severe,4,1
316,4,8,"rgba(255,128,0,0.2)",severe-->moderate-->severe-->inconclusive-->inconclusive,inconclusive,2,1
317,4,8,"rgba(255,128,0,0.2)",severe-->moderate-->inconclusive-->inconclusive-->inconclusive,inconclusive,2,1
318,4,9,"rgba(204,0,102,0.2)",severe-->moderately_severe-->mild-->no_symptoms-->moderate,moderate,6,1
319,4,9,"rgba(204,0,102,0.2)",severe-->moderately_severe-->mild-->followup_sensitivity-->moderate,moderate,1,1
320,4,9,"rgba(204,0,102,0.2)",severe-->moderately_severe-->moderate-->no_symptoms-->moderate,moderate,33,1
321,4,9,"rgba(204,0,102,0.2)",severe-->moderately_severe-->moderate-->followup_sensitivity-->moderate,moderate,10,1
322,4,9,"rgba(204,0,102,0.2)",severe-->moderately_severe-->moderate-->followup_efficiency-->moderate,moderate,12,1
323,4,9,"rgba(204,0,102,0.2)",severe-->moderately_severe-->moderate-->inconclusive-->inconclusive,inconclusive,2,1
324,4,9,"rgba(204,0,102,0.2)",severe-->moderately_severe-->severe-->no_symptoms-->moderate,moderate,38,1
325,4,9,"rgba(204,0,102,0.2)",severe-->moderately_severe-->severe-->no_symptoms-->severe,severe,11,1
326,4,9,"rgba(204,0,102,0.2)",severe-->moderately_severe-->severe-->followup_sensitivity-->moderate,moderate,22,1
327,4,9,"rgba(204,0,102,0.2)",severe-->moderately_severe-->severe-->followup_sensitivity-->severe,severe,5,1
328,4,9,"rgba(204,0,102,0.2)",severe-->moderately_severe-->severe-->followup_efficiency-->moderate,moderate,26,1
329,4,9,"rgba(204,0,102,0.2)",severe-->moderately_severe-->severe-->followup_efficiency-->severe,severe,11,1
330,4,9,"rgba(204,0,102,0.2)",severe-->moderately_severe-->severe-->inconclusive-->inconclusive,inconclusive,2,1
331,4,9,"rgba(204,0,102,0.2)",severe-->moderately_severe-->inconclusive-->inconclusive-->inconclusive,inconclusive,10,1
332,4,10,"rgba(255,0,0,0.2)",severe-->severe-->mild-->no_symptoms-->severe,severe,4,1
333,4,10,"rgba(255,0,0,0.2)",severe-->severe-->mild-->followup_sensitivity-->severe,severe,1,1
334,4,10,"rgba(255,0,0,0.2)",severe-->severe-->moderate-->no_symptoms-->severe,severe,15,1
335,4,10,"rgba(255,0,0,0.2)",severe-->severe-->moderate-->followup_sensitivity-->severe,severe,6,1
336,4,10,"rgba(255,0,0,0.2)",severe-->severe-->moderate-->followup_efficiency-->severe,severe,2,1
337,4,10,"rgba(255,0,0,0.2)",severe-->severe-->moderate-->inconclusive-->inconclusive,inconclusive,1,1
338,4,10,"rgba(255,0,0,0.2)",severe-->severe-->severe-->no_symptoms-->severe,severe,54,1
339,4,10,"rgba(255,0,0,0.2)",severe-->severe-->severe-->followup_sensitivity-->severe,severe,21,1
340,4,10,"rgba(255,0,0,0.2)",severe-->severe-->severe-->followup_efficiency-->severe,severe,53,1
341,4,10,"rgba(255,0,0,0.2)",severe-->severe-->severe-->inconclusive-->inconclusive,inconclusive,2,1
342,4,10,"rgba(255,0,0,0.2)",severe-->severe-->inconclusive-->inconclusive-->inconclusive,inconclusive,10,1
343,4,11,"rgba(192,192,192,0.2)",severe-->inconclusive-->inconclusive-->inconclusive-->inconclusive,inconclusive,25,1
344,6,12,"rgba(0,0,255,0.2)",mild-->no_symptoms-->no_symptoms-->no_symptoms-->mild,mild,47,2
345,6,12,"rgba(0,0,255,0.2)",mild-->no_symptoms-->no_symptoms-->followup_sensitivity-->moderate,moderate,2,2
346,6,12,"rgba(0,0,255,0.2)",mild-->no_symptoms-->no_symptoms-->inconclusive-->inconclusive,inconclusive,1,2
347,6,13,"rgba(0,255,0,0.2)",mild-->no_symptoms-->mild-->no_symptoms-->mild,mild,125,2
348,6,13,"rgba(0,255,0,0.2)",mild-->no_symptoms-->mild-->followup_sensitivity-->moderate,moderate,9,2
349,6,13,"rgba(0,255,0,0.2)",mild-->no_symptoms-->mild-->followup_efficiency-->moderate,moderate,4,2
350,6,13,"rgba(0,255,0,0.2)",mild-->no_symptoms-->mild-->inconclusive-->inconclusive,inconclusive,1,2
351,6,14,"rgba(255,128,0,0.2)",mild-->no_symptoms-->moderate-->no_symptoms-->moderate,moderate,13,2
352,6,14,"rgba(255,128,0,0.2)",mild-->no_symptoms-->moderate-->followup_sensitivity-->moderate,moderate,2,2
353,6,14,"rgba(255,128,0,0.2)",mild-->no_symptoms-->moderate-->followup_efficiency-->moderate,moderate,1,2
354,6,14,"rgba(255,128,0,0.2)",mild-->no_symptoms-->moderate-->inconclusive-->inconclusive,inconclusive,1,2
355,6,15,"rgba(255,0,0,0.2)",mild-->no_symptoms-->severe-->no_symptoms-->moderate,moderate,1,2
356,6,16,"rgba(192,192,192,0.2)",mild-->no_symptoms-->inconclusive-->inconclusive-->inconclusive,inconclusive,4,2
357,7,12,"rgba(0,0,255,0.2)",mild-->mild-->no_symptoms-->no_symptoms-->mild,mild,77,2
358,7,12,"rgba(0,0,255,0.2)",mild-->mild-->no_symptoms-->followup_sensitivity-->moderate,moderate,3,2
359,7,12,"rgba(0,0,255,0.2)",mild-->mild-->no_symptoms-->followup_efficiency-->moderate,moderate,4,2
360,7,12,"rgba(0,0,255,0.2)",mild-->mild-->no_symptoms-->inconclusive-->inconclusive,inconclusive,2,2
361,7,13,"rgba(0,255,0,0.2)",mild-->mild-->mild-->no_symptoms-->mild,mild,251,2
362,7,13,"rgba(0,255,0,0.2)",mild-->mild-->mild-->followup_sensitivity-->moderate,moderate,45,2
363,7,13,"rgba(0,255,0,0.2)",mild-->mild-->mild-->followup_efficiency-->moderate,moderate,26,2
364,7,13,"rgba(0,255,0,0.2)",mild-->mild-->mild-->inconclusive-->inconclusive,inconclusive,6,2
365,7,14,"rgba(255,128,0,0.2)",mild-->mild-->moderate-->no_symptoms-->moderate,moderate,43,2
366,7,14,"rgba(255,128,0,0.2)",mild-->mild-->moderate-->followup_sensitivity-->moderate,moderate,13,2
367,7,14,"rgba(255,128,0,0.2)",mild-->mild-->moderate-->followup_efficiency-->moderate,moderate,7,2
368,7,15,"rgba(255,0,0,0.2)",mild-->mild-->severe-->no_symptoms-->moderate,moderate,2,2
369,7,15,"rgba(255,0,0,0.2)",mild-->mild-->severe-->followup_sensitivity-->moderate,moderate,1,2
370,7,15,"rgba(255,0,0,0.2)",mild-->mild-->severe-->followup_efficiency-->moderate,moderate,2,2
371,7,16,"rgba(192,192,192,0.2)",mild-->mild-->inconclusive-->no_symptoms-->inconclusive,inconclusive,1,2
372,7,16,"rgba(192,192,192,0.2)",mild-->mild-->inconclusive-->inconclusive-->inconclusive,inconclusive,13,2
373,8,12,"rgba(0,0,255,0.2)",mild-->moderate-->no_symptoms-->no_symptoms-->moderate,moderate,13,2
374,8,12,"rgba(0,0,255,0.2)",mild-->moderate-->no_symptoms-->followup_sensitivity-->moderate,moderate,1,2
375,8,12,"rgba(0,0,255,0.2)",mild-->moderate-->no_symptoms-->followup_efficiency-->moderate,moderate,2,2
376,8,12,"rgba(0,0,255,0.2)",mild-->moderate-->no_symptoms-->inconclusive-->inconclusive,inconclusive,1,2
377,8,13,"rgba(0,255,0,0.2)",mild-->moderate-->mild-->no_symptoms-->moderate,moderate,62,2
378,8,13,"rgba(0,255,0,0.2)",mild-->moderate-->mild-->followup_sensitivity-->moderate,moderate,8,2
379,8,13,"rgba(0,255,0,0.2)",mild-->moderate-->mild-->followup_efficiency-->moderate,moderate,10,2
380,8,13,"rgba(0,255,0,0.2)",mild-->moderate-->mild-->inconclusive-->inconclusive,inconclusive,2,2
381,8,14,"rgba(255,128,0,0.2)",mild-->moderate-->moderate-->no_symptoms-->moderate,moderate,23,2
382,8,14,"rgba(255,128,0,0.2)",mild-->moderate-->moderate-->followup_sensitivity-->moderate,moderate,2,2
383,8,14,"rgba(255,128,0,0.2)",mild-->moderate-->moderate-->followup_efficiency-->moderate,moderate,8,2
384,8,15,"rgba(255,0,0,0.2)",mild-->moderate-->severe-->no_symptoms-->moderate,moderate,2,2
385,8,15,"rgba(255,0,0,0.2)",mild-->moderate-->severe-->followup_sensitivity-->moderate,moderate,1,2
386,8,15,"rgba(255,0,0,0.2)",mild-->moderate-->severe-->followup_efficiency-->moderate,moderate,1,2
387,8,16,"rgba(192,192,192,0.2)",mild-->moderate-->inconclusive-->inconclusive-->inconclusive,inconclusive,5,2
388,9,12,"rgba(0,0,255,0.2)",mild-->moderately_severe-->no_symptoms-->no_symptoms-->moderate,moderate,4,2
389,9,13,"rgba(0,255,0,0.2)",mild-->moderately_severe-->mild-->no_symptoms-->moderate,moderate,6,2
390,9,13,"rgba(0,255,0,0.2)",mild-->moderately_severe-->mild-->followup_sensitivity-->moderate,moderate,2,2
391,9,13,"rgba(0,255,0,0.2)",mild-->moderately_severe-->mild-->followup_efficiency-->moderate,moderate,2,2
392,9,14,"rgba(255,128,0,0.2)",mild-->moderately_severe-->moderate-->no_symptoms-->moderate,moderate,5,2
393,9,14,"rgba(255,128,0,0.2)",mild-->moderately_severe-->moderate-->followup_sensitivity-->moderate,moderate,2,2
394,9,14,"rgba(255,128,0,0.2)",mild-->moderately_severe-->moderate-->followup_efficiency-->moderate,moderate,1,2
395,9,15,"rgba(255,0,0,0.2)",mild-->moderately_severe-->severe-->followup_sensitivity-->moderate,moderate,1,2
396,11,15,"rgba(255,0,0,0.2)",mild-->inconclusive-->severe-->no_symptoms-->inconclusive,inconclusive,1,2
397,11,16,"rgba(192,192,192,0.2)",mild-->inconclusive-->inconclusive-->inconclusive-->inconclusive,inconclusive,49,2
398,6,12,"rgba(0,0,255,0.2)",moderate-->no_symptoms-->no_symptoms-->no_symptoms-->mild,mild,1,2
399,6,13,"rgba(0,255,0,0.2)",moderate-->no_symptoms-->mild-->no_symptoms-->mild,mild,8,2
400,6,13,"rgba(0,255,0,0.2)",moderate-->no_symptoms-->mild-->followup_sensitivity-->moderate,moderate,1,2
401,6,14,"rgba(255,128,0,0.2)",moderate-->no_symptoms-->moderate-->no_symptoms-->moderate,moderate,15,2
402,6,14,"rgba(255,128,0,0.2)",moderate-->no_symptoms-->moderate-->followup_sensitivity-->moderate,moderate,2,2
403,6,15,"rgba(255,0,0,0.2)",moderate-->no_symptoms-->severe-->no_symptoms-->moderate,moderate,2,2
404,6,15,"rgba(255,0,0,0.2)",moderate-->no_symptoms-->severe-->no_symptoms-->severe,severe,5,2
405,6,15,"rgba(255,0,0,0.2)",moderate-->no_symptoms-->severe-->followup_sensitivity-->moderate,moderate,1,2
406,6,15,"rgba(255,0,0,0.2)",moderate-->no_symptoms-->severe-->followup_efficiency-->moderate,moderate,1,2
407,7,12,"rgba(0,0,255,0.2)",moderate-->mild-->no_symptoms-->no_symptoms-->mild,mild,2,2
408,7,13,"rgba(0,255,0,0.2)",moderate-->mild-->mild-->no_symptoms-->mild,mild,61,2
409,7,13,"rgba(0,255,0,0.2)",moderate-->mild-->mild-->followup_sensitivity-->moderate,moderate,15,2
410,7,13,"rgba(0,255,0,0.2)",moderate-->mild-->mild-->followup_efficiency-->moderate,moderate,8,2
411,7,13,"rgba(0,255,0,0.2)",moderate-->mild-->mild-->inconclusive-->inconclusive,inconclusive,2,2
412,7,14,"rgba(255,128,0,0.2)",moderate-->mild-->moderate-->no_symptoms-->moderate,moderate,93,2
413,7,14,"rgba(255,128,0,0.2)",moderate-->mild-->moderate-->followup_sensitivity-->moderate,moderate,14,2
414,7,14,"rgba(255,128,0,0.2)",moderate-->mild-->moderate-->followup_efficiency-->moderate,moderate,13,2
415,7,14,"rgba(255,128,0,0.2)",moderate-->mild-->moderate-->inconclusive-->inconclusive,inconclusive,2,2
416,7,15,"rgba(255,0,0,0.2)",moderate-->mild-->severe-->no_symptoms-->moderate,moderate,20,2
417,7,15,"rgba(255,0,0,0.2)",moderate-->mild-->severe-->followup_sensitivity-->moderate,moderate,7,2
418,7,15,"rgba(255,0,0,0.2)",moderate-->mild-->severe-->followup_efficiency-->moderate,moderate,13,2
419,7,15,"rgba(255,0,0,0.2)",moderate-->mild-->severe-->inconclusive-->inconclusive,inconclusive,1,2
420,7,16,"rgba(192,192,192,0.2)",moderate-->mild-->inconclusive-->inconclusive-->inconclusive,inconclusive,6,2
421,8,12,"rgba(0,0,255,0.2)",moderate-->moderate-->no_symptoms-->no_symptoms-->moderate,moderate,1,2
422,8,13,"rgba(0,255,0,0.2)",moderate-->moderate-->mild-->no_symptoms-->moderate,moderate,43,2
423,8,13,"rgba(0,255,0,0.2)",moderate-->moderate-->mild-->followup_sensitivity-->moderate,moderate,13,2
424,8,13,"rgba(0,255,0,0.2)",moderate-->moderate-->mild-->followup_efficiency-->moderate,moderate,10,2
425,8,13,"rgba(0,255,0,0.2)",moderate-->moderate-->mild-->inconclusive-->inconclusive,inconclusive,2,2
426,8,14,"rgba(255,128,0,0.2)",moderate-->moderate-->moderate-->no_symptoms-->moderate,moderate,83,2
427,8,14,"rgba(255,128,0,0.2)",moderate-->moderate-->moderate-->followup_sensitivity-->moderate,moderate,27,2
428,8,14,"rgba(255,128,0,0.2)",moderate-->moderate-->moderate-->followup_efficiency-->moderate,moderate,22,2
429,8,14,"rgba(255,128,0,0.2)",moderate-->moderate-->moderate-->inconclusive-->inconclusive,inconclusive,2,2
430,8,15,"rgba(255,0,0,0.2)",moderate-->moderate-->severe-->no_symptoms-->moderate,moderate,29,2
431,8,15,"rgba(255,0,0,0.2)",moderate-->moderate-->severe-->no_symptoms-->severe,severe,3,2
432,8,15,"rgba(255,0,0,0.2)",moderate-->moderate-->severe-->followup_sensitivity-->moderate,moderate,15,2
433,8,15,"rgba(255,0,0,0.2)",moderate-->moderate-->severe-->followup_sensitivity-->severe,severe,4,2
434,8,15,"rgba(255,0,0,0.2)",moderate-->moderate-->severe-->followup_efficiency-->moderate,moderate,15,2
435,8,15,"rgba(255,0,0,0.2)",moderate-->moderate-->severe-->followup_efficiency-->severe,severe,1,2
436,8,16,"rgba(192,192,192,0.2)",moderate-->moderate-->inconclusive-->inconclusive-->inconclusive,inconclusive,11,2
437,9,12,"rgba(0,0,255,0.2)",moderate-->moderately_severe-->no_symptoms-->no_symptoms-->moderate,moderate,1,2
438,9,12,"rgba(0,0,255,0.2)",moderate-->moderately_severe-->no_symptoms-->inconclusive-->inconclusive,inconclusive,1,2
439,9,13,"rgba(0,255,0,0.2)",moderate-->moderately_severe-->mild-->no_symptoms-->moderate,moderate,25,2
440,9,13,"rgba(0,255,0,0.2)",moderate-->moderately_severe-->mild-->followup_sensitivity-->moderate,moderate,3,2
441,9,13,"rgba(0,255,0,0.2)",moderate-->moderately_severe-->mild-->followup_efficiency-->moderate,moderate,1,2
442,9,14,"rgba(255,128,0,0.2)",moderate-->moderately_severe-->moderate-->no_symptoms-->moderate,moderate,21,2
443,9,14,"rgba(255,128,0,0.2)",moderate-->moderately_severe-->moderate-->followup_sensitivity-->moderate,moderate,14,2
444,9,14,"rgba(255,128,0,0.2)",moderate-->moderately_severe-->moderate-->followup_efficiency-->moderate,moderate,16,2
445,9,14,"rgba(255,128,0,0.2)",moderate-->moderately_severe-->moderate-->inconclusive-->inconclusive,inconclusive,1,2
446,9,15,"rgba(255,0,0,0.2)",moderate-->moderately_severe-->severe-->no_symptoms-->moderate,moderate,9,2
447,9,15,"rgba(255,0,0,0.2)",moderate-->moderately_severe-->severe-->no_symptoms-->severe,severe,1,2
448,9,15,"rgba(255,0,0,0.2)",moderate-->moderately_severe-->severe-->followup_sensitivity-->moderate,moderate,2,2
449,9,15,"rgba(255,0,0,0.2)",moderate-->moderately_severe-->severe-->followup_sensitivity-->severe,severe,1,2
450,9,15,"rgba(255,0,0,0.2)",moderate-->moderately_severe-->severe-->followup_efficiency-->moderate,moderate,11,2
451,9,16,"rgba(192,192,192,0.2)",moderate-->moderately_severe-->inconclusive-->inconclusive-->inconclusive,inconclusive,5,2
452,10,12,"rgba(0,0,255,0.2)",moderate-->severe-->no_symptoms-->no_symptoms-->severe,severe,1,2
453,10,13,"rgba(0,255,0,0.2)",moderate-->severe-->mild-->no_symptoms-->severe,severe,1,2
454,10,13,"rgba(0,255,0,0.2)",moderate-->severe-->mild-->followup_efficiency-->severe,severe,1,2
455,10,14,"rgba(255,128,0,0.2)",moderate-->severe-->moderate-->no_symptoms-->severe,severe,4,2
456,10,14,"rgba(255,128,0,0.2)",moderate-->severe-->moderate-->followup_sensitivity-->severe,severe,2,2
457,10,15,"rgba(255,0,0,0.2)",moderate-->severe-->severe-->no_symptoms-->severe,severe,2,2
458,10,15,"rgba(255,0,0,0.2)",moderate-->severe-->severe-->followup_sensitivity-->severe,severe,1,2
459,10,15,"rgba(255,0,0,0.2)",moderate-->severe-->severe-->followup_efficiency-->severe,severe,1,2
460,10,16,"rgba(192,192,192,0.2)",moderate-->severe-->inconclusive-->inconclusive-->inconclusive,inconclusive,3,2
461,11,14,"rgba(255,128,0,0.2)",moderate-->inconclusive-->moderate-->inconclusive-->inconclusive,inconclusive,1,2
462,11,15,"rgba(255,0,0,0.2)",moderate-->inconclusive-->severe-->no_symptoms-->inconclusive,inconclusive,1,2
463,11,16,"rgba(192,192,192,0.2)",moderate-->inconclusive-->inconclusive-->inconclusive-->inconclusive,inconclusive,32,2
464,7,13,"rgba(0,255,0,0.2)",severe-->mild-->mild-->no_symptoms-->mild,mild,5,2
465,7,14,"rgba(255,128,0,0.2)",severe-->mild-->moderate-->no_symptoms-->moderate,moderate,8,2
466,7,14,"rgba(255,128,0,0.2)",severe-->mild-->moderate-->followup_sensitivity-->moderate,moderate,1,2
467,7,15,"rgba(255,0,0,0.2)",severe-->mild-->severe-->no_symptoms-->moderate,moderate,8,2
468,7,15,"rgba(255,0,0,0.2)",severe-->mild-->severe-->no_symptoms-->severe,severe,1,2
469,7,15,"rgba(255,0,0,0.2)",severe-->mild-->severe-->followup_sensitivity-->moderate,moderate,2,2
470,7,15,"rgba(255,0,0,0.2)",severe-->mild-->severe-->followup_efficiency-->moderate,moderate,1,2
471,7,15,"rgba(255,0,0,0.2)",severe-->mild-->severe-->inconclusive-->inconclusive,inconclusive,1,2
472,7,16,"rgba(192,192,192,0.2)",severe-->mild-->inconclusive-->inconclusive-->inconclusive,inconclusive,1,2
473,8,13,"rgba(0,255,0,0.2)",severe-->moderate-->mild-->no_symptoms-->moderate,moderate,11,2
474,8,13,"rgba(0,255,0,0.2)",severe-->moderate-->mild-->followup_sensitivity-->moderate,moderate,1,2
475,8,14,"rgba(255,128,0,0.2)",severe-->moderate-->moderate-->no_symptoms-->moderate,moderate,27,2
476,8,14,"rgba(255,128,0,0.2)",severe-->moderate-->moderate-->followup_sensitivity-->moderate,moderate,6,2
477,8,14,"rgba(255,128,0,0.2)",severe-->moderate-->moderate-->followup_efficiency-->moderate,moderate,9,2
478,8,14,"rgba(255,128,0,0.2)",severe-->moderate-->moderate-->inconclusive-->inconclusive,inconclusive,2,2
479,8,15,"rgba(255,0,0,0.2)",severe-->moderate-->severe-->no_symptoms-->moderate,moderate,34,2
480,8,15,"rgba(255,0,0,0.2)",severe-->moderate-->severe-->no_symptoms-->severe,severe,4,2
481,8,15,"rgba(255,0,0,0.2)",severe-->moderate-->severe-->followup_sensitivity-->moderate,moderate,9,2
482,8,15,"rgba(255,0,0,0.2)",severe-->moderate-->severe-->followup_sensitivity-->severe,severe,1,2
483,8,15,"rgba(255,0,0,0.2)",severe-->moderate-->severe-->followup_efficiency-->moderate,moderate,9,2
484,8,15,"rgba(255,0,0,0.2)",severe-->moderate-->severe-->followup_efficiency-->severe,severe,4,2
485,8,15,"rgba(255,0,0,0.2)",severe-->moderate-->severe-->inconclusive-->inconclusive,inconclusive,2,2
486,8,16,"rgba(192,192,192,0.2)",severe-->moderate-->inconclusive-->inconclusive-->inconclusive,inconclusive,2,2
487,9,13,"rgba(0,255,0,0.2)",severe-->moderately_severe-->mild-->no_symptoms-->moderate,moderate,6,2
488,9,13,"rgba(0,255,0,0.2)",severe-->moderately_severe-->mild-->followup_sensitivity-->moderate,moderate,1,2
489,9,14,"rgba(255,128,0,0.2)",severe-->moderately_severe-->moderate-->no_symptoms-->moderate,moderate,33,2
490,9,14,"rgba(255,128,0,0.2)",severe-->moderately_severe-->moderate-->followup_sensitivity-->moderate,moderate,10,2
491,9,14,"rgba(255,128,0,0.2)",severe-->moderately_severe-->moderate-->followup_efficiency-->moderate,moderate,12,2
492,9,14,"rgba(255,128,0,0.2)",severe-->moderately_severe-->moderate-->inconclusive-->inconclusive,inconclusive,2,2
493,9,15,"rgba(255,0,0,0.2)",severe-->moderately_severe-->severe-->no_symptoms-->moderate,moderate,38,2
494,9,15,"rgba(255,0,0,0.2)",severe-->moderately_severe-->severe-->no_symptoms-->severe,severe,11,2
495,9,15,"rgba(255,0,0,0.2)",severe-->moderately_severe-->severe-->followup_sensitivity-->moderate,moderate,22,2
496,9,15,"rgba(255,0,0,0.2)",severe-->moderately_severe-->severe-->followup_sensitivity-->severe,severe,5,2
497,9,15,"rgba(255,0,0,0.2)",severe-->moderately_severe-->severe-->followup_efficiency-->moderate,moderate,26,2
498,9,15,"rgba(255,0,0,0.2)",severe-->moderately_severe-->severe-->followup_efficiency-->severe,severe,11,2
499,9,15,"rgba(255,0,0,0.2)",severe-->moderately_severe-->severe-->inconclusive-->inconclusive,inconclusive,2,2
500,9,16,"rgba(192,192,192,0.2)",severe-->moderately_severe-->inconclusive-->inconclusive-->inconclusive,inconclusive,10,2
501,10,13,"rgba(0,255,0,0.2)",severe-->severe-->mild-->no_symptoms-->severe,severe,4,2
502,10,13,"rgba(0,255,0,0.2)",severe-->severe-->mild-->followup_sensitivity-->severe,severe,1,2
503,10,14,"rgba(255,128,0,0.2)",severe-->severe-->moderate-->no_symptoms-->severe,severe,15,2
504,10,14,"rgba(255,128,0,0.2)",severe-->severe-->moderate-->followup_sensitivity-->severe,severe,6,2
505,10,14,"rgba(255,128,0,0.2)",severe-->severe-->moderate-->followup_efficiency-->severe,severe,2,2
506,10,14,"rgba(255,128,0,0.2)",severe-->severe-->moderate-->inconclusive-->inconclusive,inconclusive,1,2
507,10,15,"rgba(255,0,0,0.2)",severe-->severe-->severe-->no_symptoms-->severe,severe,54,2
508,10,15,"rgba(255,0,0,0.2)",severe-->severe-->severe-->followup_sensitivity-->severe,severe,21,2
509,10,15,"rgba(255,0,0,0.2)",severe-->severe-->severe-->followup_efficiency-->severe,severe,53,2
510,10,15,"rgba(255,0,0,0.2)",severe-->severe-->severe-->inconclusive-->inconclusive,inconclusive,2,2
511,10,16,"rgba(192,192,192,0.2)",severe-->severe-->inconclusive-->inconclusive-->inconclusive,inconclusive,10,2
512,11,16,"rgba(192,192,192,0.2)",severe-->inconclusive-->inconclusive-->inconclusive-->inconclusive,inconclusive,25,2
513,12,17,"rgba(0,0,255,0.2)",mild-->no_symptoms-->no_symptoms-->no_symptoms-->mild,mild,47,3
514,12,18,"rgba(255,128,0,0.2)",mild-->no_symptoms-->no_symptoms-->followup_sensitivity-->moderate,moderate,2,3
515,12,20,"rgba(192,192,192,0.2)",mild-->no_symptoms-->no_symptoms-->inconclusive-->inconclusive,inconclusive,1,3
516,13,17,"rgba(0,0,255,0.2)",mild-->no_symptoms-->mild-->no_symptoms-->mild,mild,125,3
517,13,18,"rgba(255,128,0,0.2)",mild-->no_symptoms-->mild-->followup_sensitivity-->moderate,moderate,9,3
518,13,19,"rgba(255,0,0,0.2)",mild-->no_symptoms-->mild-->followup_efficiency-->moderate,moderate,4,3
519,13,20,"rgba(192,192,192,0.2)",mild-->no_symptoms-->mild-->inconclusive-->inconclusive,inconclusive,1,3
520,14,17,"rgba(0,0,255,0.2)",mild-->no_symptoms-->moderate-->no_symptoms-->moderate,moderate,13,3
521,14,18,"rgba(255,128,0,0.2)",mild-->no_symptoms-->moderate-->followup_sensitivity-->moderate,moderate,2,3
522,14,19,"rgba(255,0,0,0.2)",mild-->no_symptoms-->moderate-->followup_efficiency-->moderate,moderate,1,3
523,14,20,"rgba(192,192,192,0.2)",mild-->no_symptoms-->moderate-->inconclusive-->inconclusive,inconclusive,1,3
524,15,17,"rgba(0,0,255,0.2)",mild-->no_symptoms-->severe-->no_symptoms-->moderate,moderate,1,3
525,16,20,"rgba(192,192,192,0.2)",mild-->no_symptoms-->inconclusive-->inconclusive-->inconclusive,inconclusive,4,3
526,12,17,"rgba(0,0,255,0.2)",mild-->mild-->no_symptoms-->no_symptoms-->mild,mild,77,3
527,12,18,"rgba(255,128,0,0.2)",mild-->mild-->no_symptoms-->followup_sensitivity-->moderate,moderate,3,3
528,12,19,"rgba(255,0,0,0.2)",mild-->mild-->no_symptoms-->followup_efficiency-->moderate,moderate,4,3
529,12,20,"rgba(192,192,192,0.2)",mild-->mild-->no_symptoms-->inconclusive-->inconclusive,inconclusive,2,3
530,13,17,"rgba(0,0,255,0.2)",mild-->mild-->mild-->no_symptoms-->mild,mild,251,3
531,13,18,"rgba(255,128,0,0.2)",mild-->mild-->mild-->followup_sensitivity-->moderate,moderate,45,3
532,13,19,"rgba(255,0,0,0.2)",mild-->mild-->mild-->followup_efficiency-->moderate,moderate,26,3
533,13,20,"rgba(192,192,192,0.2)",mild-->mild-->mild-->inconclusive-->inconclusive,inconclusive,6,3
534,14,17,"rgba(0,0,255,0.2)",mild-->mild-->moderate-->no_symptoms-->moderate,moderate,43,3
535,14,18,"rgba(255,128,0,0.2)",mild-->mild-->moderate-->followup_sensitivity-->moderate,moderate,13,3
536,14,19,"rgba(255,0,0,0.2)",mild-->mild-->moderate-->followup_efficiency-->moderate,moderate,7,3
537,15,17,"rgba(0,0,255,0.2)",mild-->mild-->severe-->no_symptoms-->moderate,moderate,2,3
538,15,18,"rgba(255,128,0,0.2)",mild-->mild-->severe-->followup_sensitivity-->moderate,moderate,1,3
539,15,19,"rgba(255,0,0,0.2)",mild-->mild-->severe-->followup_efficiency-->moderate,moderate,2,3
540,16,17,"rgba(0,0,255,0.2)",mild-->mild-->inconclusive-->no_symptoms-->inconclusive,inconclusive,1,3
541,16,20,"rgba(192,192,192,0.2)",mild-->mild-->inconclusive-->inconclusive-->inconclusive,inconclusive,13,3
542,12,17,"rgba(0,0,255,0.2)",mild-->moderate-->no_symptoms-->no_symptoms-->moderate,moderate,13,3
543,12,18,"rgba(255,128,0,0.2)",mild-->moderate-->no_symptoms-->followup_sensitivity-->moderate,moderate,1,3
544,12,19,"rgba(255,0,0,0.2)",mild-->moderate-->no_symptoms-->followup_efficiency-->moderate,moderate,2,3
545,12,20,"rgba(192,192,192,0.2)",mild-->moderate-->no_symptoms-->inconclusive-->inconclusive,inconclusive,1,3
546,13,17,"rgba(0,0,255,0.2)",mild-->moderate-->mild-->no_symptoms-->moderate,moderate,62,3
547,13,18,"rgba(255,128,0,0.2)",mild-->moderate-->mild-->followup_sensitivity-->moderate,moderate,8,3
548,13,19,"rgba(255,0,0,0.2)",mild-->moderate-->mild-->followup_efficiency-->moderate,moderate,10,3
549,13,20,"rgba(192,192,192,0.2)",mild-->moderate-->mild-->inconclusive-->inconclusive,inconclusive,2,3
550,14,17,"rgba(0,0,255,0.2)",mild-->moderate-->moderate-->no_symptoms-->moderate,moderate,23,3
551,14,18,"rgba(255,128,0,0.2)",mild-->moderate-->moderate-->followup_sensitivity-->moderate,moderate,2,3
552,14,19,"rgba(255,0,0,0.2)",mild-->moderate-->moderate-->followup_efficiency-->moderate,moderate,8,3
553,15,17,"rgba(0,0,255,0.2)",mild-->moderate-->severe-->no_symptoms-->moderate,moderate,2,3
554,15,18,"rgba(255,128,0,0.2)",mild-->moderate-->severe-->followup_sensitivity-->moderate,moderate,1,3
555,15,19,"rgba(255,0,0,0.2)",mild-->moderate-->severe-->followup_efficiency-->moderate,moderate,1,3
556,16,20,"rgba(192,192,192,0.2)",mild-->moderate-->inconclusive-->inconclusive-->inconclusive,inconclusive,5,3
557,12,17,"rgba(0,0,255,0.2)",mild-->moderately_severe-->no_symptoms-->no_symptoms-->moderate,moderate,4,3
558,13,17,"rgba(0,0,255,0.2)",mild-->moderately_severe-->mild-->no_symptoms-->moderate,moderate,6,3
559,13,18,"rgba(255,128,0,0.2)",mild-->moderately_severe-->mild-->followup_sensitivity-->moderate,moderate,2,3
560,13,19,"rgba(255,0,0,0.2)",mild-->moderately_severe-->mild-->followup_efficiency-->moderate,moderate,2,3
561,14,17,"rgba(0,0,255,0.2)",mild-->moderately_severe-->moderate-->no_symptoms-->moderate,moderate,5,3
562,14,18,"rgba(255,128,0,0.2)",mild-->moderately_severe-->moderate-->followup_sensitivity-->moderate,moderate,2,3
563,14,19,"rgba(255,0,0,0.2)",mild-->moderately_severe-->moderate-->followup_efficiency-->moderate,moderate,1,3
564,15,18,"rgba(255,128,0,0.2)",mild-->moderately_severe-->severe-->followup_sensitivity-->moderate,moderate,1,3
565,15,17,"rgba(0,0,255,0.2)",mild-->inconclusive-->severe-->no_symptoms-->inconclusive,inconclusive,1,3
566,16,20,"rgba(192,192,192,0.2)",mild-->inconclusive-->inconclusive-->inconclusive-->inconclusive,inconclusive,49,3
567,12,17,"rgba(0,0,255,0.2)",moderate-->no_symptoms-->no_symptoms-->no_symptoms-->mild,mild,1,3
568,13,17,"rgba(0,0,255,0.2)",moderate-->no_symptoms-->mild-->no_symptoms-->mild,mild,8,3
569,13,18,"rgba(255,128,0,0.2)",moderate-->no_symptoms-->mild-->followup_sensitivity-->moderate,moderate,1,3
570,14,17,"rgba(0,0,255,0.2)",moderate-->no_symptoms-->moderate-->no_symptoms-->moderate,moderate,15,3
571,14,18,"rgba(255,128,0,0.2)",moderate-->no_symptoms-->moderate-->followup_sensitivity-->moderate,moderate,2,3
572,15,17,"rgba(0,0,255,0.2)",moderate-->no_symptoms-->severe-->no_symptoms-->moderate,moderate,2,3
573,15,17,"rgba(0,0,255,0.2)",moderate-->no_symptoms-->severe-->no_symptoms-->severe,severe,5,3
574,15,18,"rgba(255,128,0,0.2)",moderate-->no_symptoms-->severe-->followup_sensitivity-->moderate,moderate,1,3
575,15,19,"rgba(255,0,0,0.2)",moderate-->no_symptoms-->severe-->followup_efficiency-->moderate,moderate,1,3
576,12,17,"rgba(0,0,255,0.2)",moderate-->mild-->no_symptoms-->no_symptoms-->mild,mild,2,3
577,13,17,"rgba(0,0,255,0.2)",moderate-->mild-->mild-->no_symptoms-->mild,mild,61,3
578,13,18,"rgba(255,128,0,0.2)",moderate-->mild-->mild-->followup_sensitivity-->moderate,moderate,15,3
579,13,19,"rgba(255,0,0,0.2)",moderate-->mild-->mild-->followup_efficiency-->moderate,moderate,8,3
580,13,20,"rgba(192,192,192,0.2)",moderate-->mild-->mild-->inconclusive-->inconclusive,inconclusive,2,3
581,14,17,"rgba(0,0,255,0.2)",moderate-->mild-->moderate-->no_symptoms-->moderate,moderate,93,3
582,14,18,"rgba(255,128,0,0.2)",moderate-->mild-->moderate-->followup_sensitivity-->moderate,moderate,14,3
583,14,19,"rgba(255,0,0,0.2)",moderate-->mild-->moderate-->followup_efficiency-->moderate,moderate,13,3
584,14,20,"rgba(192,192,192,0.2)",moderate-->mild-->moderate-->inconclusive-->inconclusive,inconclusive,2,3
585,15,17,"rgba(0,0,255,0.2)",moderate-->mild-->severe-->no_symptoms-->moderate,moderate,20,3
586,15,18,"rgba(255,128,0,0.2)",moderate-->mild-->severe-->followup_sensitivity-->moderate,moderate,7,3
587,15,19,"rgba(255,0,0,0.2)",moderate-->mild-->severe-->followup_efficiency-->moderate,moderate,13,3
588,15,20,"rgba(192,192,192,0.2)",moderate-->mild-->severe-->inconclusive-->inconclusive,inconclusive,1,3
589,16,20,"rgba(192,192,192,0.2)",moderate-->mild-->inconclusive-->inconclusive-->inconclusive,inconclusive,6,3
590,12,17,"rgba(0,0,255,0.2)",moderate-->moderate-->no_symptoms-->no_symptoms-->moderate,moderate,1,3
591,13,17,"rgba(0,0,255,0.2)",moderate-->moderate-->mild-->no_symptoms-->moderate,moderate,43,3
592,13,18,"rgba(255,128,0,0.2)",moderate-->moderate-->mild-->followup_sensitivity-->moderate,moderate,13,3
593,13,19,"rgba(255,0,0,0.2)",moderate-->moderate-->mild-->followup_efficiency-->moderate,moderate,10,3
594,13,20,"rgba(192,192,192,0.2)",moderate-->moderate-->mild-->inconclusive-->inconclusive,inconclusive,2,3
595,14,17,"rgba(0,0,255,0.2)",moderate-->moderate-->moderate-->no_symptoms-->moderate,moderate,83,3
596,14,18,"rgba(255,128,0,0.2)",moderate-->moderate-->moderate-->followup_sensitivity-->moderate,moderate,27,3
597,14,19,"rgba(255,0,0,0.2)",moderate-->moderate-->moderate-->followup_efficiency-->moderate,moderate,22,3
598,14,20,"rgba(192,192,192,0.2)",moderate-->moderate-->moderate-->inconclusive-->inconclusive,inconclusive,2,3
599,15,17,"rgba(0,0,255,0.2)",moderate-->moderate-->severe-->no_symptoms-->moderate,moderate,29,3
600,15,17,"rgba(0,0,255,0.2)",moderate-->moderate-->severe-->no_symptoms-->severe,severe,3,3
601,15,18,"rgba(255,128,0,0.2)",moderate-->moderate-->severe-->followup_sensitivity-->moderate,moderate,15,3
602,15,18,"rgba(255,128,0,0.2)",moderate-->moderate-->severe-->followup_sensitivity-->severe,severe,4,3
603,15,19,"rgba(255,0,0,0.2)",moderate-->moderate-->severe-->followup_efficiency-->moderate,moderate,15,3
604,15,19,"rgba(255,0,0,0.2)",moderate-->moderate-->severe-->followup_efficiency-->severe,severe,1,3
605,16,20,"rgba(192,192,192,0.2)",moderate-->moderate-->inconclusive-->inconclusive-->inconclusive,inconclusive,11,3
606,12,17,"rgba(0,0,255,0.2)",moderate-->moderately_severe-->no_symptoms-->no_symptoms-->moderate,moderate,1,3
607,12,20,"rgba(192,192,192,0.2)",moderate-->moderately_severe-->no_symptoms-->inconclusive-->inconclusive,inconclusive,1,3
608,13,17,"rgba(0,0,255,0.2)",moderate-->moderately_severe-->mild-->no_symptoms-->moderate,moderate,25,3
609,13,18,"rgba(255,128,0,0.2)",moderate-->moderately_severe-->mild-->followup_sensitivity-->moderate,moderate,3,3
610,13,19,"rgba(255,0,0,0.2)",moderate-->moderately_severe-->mild-->followup_efficiency-->moderate,moderate,1,3
611,14,17,"rgba(0,0,255,0.2)",moderate-->moderately_severe-->moderate-->no_symptoms-->moderate,moderate,21,3
612,14,18,"rgba(255,128,0,0.2)",moderate-->moderately_severe-->moderate-->followup_sensitivity-->moderate,moderate,14,3
613,14,19,"rgba(255,0,0,0.2)",moderate-->moderately_severe-->moderate-->followup_efficiency-->moderate,moderate,16,3
614,14,20,"rgba(192,192,192,0.2)",moderate-->moderately_severe-->moderate-->inconclusive-->inconclusive,inconclusive,1,3
615,15,17,"rgba(0,0,255,0.2)",moderate-->moderately_severe-->severe-->no_symptoms-->moderate,moderate,9,3
616,15,17,"rgba(0,0,255,0.2)",moderate-->moderately_severe-->severe-->no_symptoms-->severe,severe,1,3
617,15,18,"rgba(255,128,0,0.2)",moderate-->moderately_severe-->severe-->followup_sensitivity-->moderate,moderate,2,3
618,15,18,"rgba(255,128,0,0.2)",moderate-->moderately_severe-->severe-->followup_sensitivity-->severe,severe,1,3
619,15,19,"rgba(255,0,0,0.2)",moderate-->moderately_severe-->severe-->followup_efficiency-->moderate,moderate,11,3
620,16,20,"rgba(192,192,192,0.2)",moderate-->moderately_severe-->inconclusive-->inconclusive-->inconclusive,inconclusive,5,3
621,12,17,"rgba(0,0,255,0.2)",moderate-->severe-->no_symptoms-->no_symptoms-->severe,severe,1,3
622,13,17,"rgba(0,0,255,0.2)",moderate-->severe-->mild-->no_symptoms-->severe,severe,1,3
623,13,19,"rgba(255,0,0,0.2)",moderate-->severe-->mild-->followup_efficiency-->severe,severe,1,3
624,14,17,"rgba(0,0,255,0.2)",moderate-->severe-->moderate-->no_symptoms-->severe,severe,4,3
625,14,18,"rgba(255,128,0,0.2)",moderate-->severe-->moderate-->followup_sensitivity-->severe,severe,2,3
626,15,17,"rgba(0,0,255,0.2)",moderate-->severe-->severe-->no_symptoms-->severe,severe,2,3
627,15,18,"rgba(255,128,0,0.2)",moderate-->severe-->severe-->followup_sensitivity-->severe,severe,1,3
628,15,19,"rgba(255,0,0,0.2)",moderate-->severe-->severe-->followup_efficiency-->severe,severe,1,3
629,16,20,"rgba(192,192,192,0.2)",moderate-->severe-->inconclusive-->inconclusive-->inconclusive,inconclusive,3,3
630,14,20,"rgba(192,192,192,0.2)",moderate-->inconclusive-->moderate-->inconclusive-->inconclusive,inconclusive,1,3
631,15,17,"rgba(0,0,255,0.2)",moderate-->inconclusive-->severe-->no_symptoms-->inconclusive,inconclusive,1,3
632,16,20,"rgba(192,192,192,0.2)",moderate-->inconclusive-->inconclusive-->inconclusive-->inconclusive,inconclusive,32,3
633,13,17,"rgba(0,0,255,0.2)",severe-->mild-->mild-->no_symptoms-->mild,mild,5,3
634,14,17,"rgba(0,0,255,0.2)",severe-->mild-->moderate-->no_symptoms-->moderate,moderate,8,3
635,14,18,"rgba(255,128,0,0.2)",severe-->mild-->moderate-->followup_sensitivity-->moderate,moderate,1,3
636,15,17,"rgba(0,0,255,0.2)",severe-->mild-->severe-->no_symptoms-->moderate,moderate,8,3
637,15,17,"rgba(0,0,255,0.2)",severe-->mild-->severe-->no_symptoms-->severe,severe,1,3
638,15,18,"rgba(255,128,0,0.2)",severe-->mild-->severe-->followup_sensitivity-->moderate,moderate,2,3
639,15,19,"rgba(255,0,0,0.2)",severe-->mild-->severe-->followup_efficiency-->moderate,moderate,1,3
640,15,20,"rgba(192,192,192,0.2)",severe-->mild-->severe-->inconclusive-->inconclusive,inconclusive,1,3
641,16,20,"rgba(192,192,192,0.2)",severe-->mild-->inconclusive-->inconclusive-->inconclusive,inconclusive,1,3
642,13,17,"rgba(0,0,255,0.2)",severe-->moderate-->mild-->no_symptoms-->moderate,moderate,11,3
643,13,18,"rgba(255,128,0,0.2)",severe-->moderate-->mild-->followup_sensitivity-->moderate,moderate,1,3
644,14,17,"rgba(0,0,255,0.2)",severe-->moderate-->moderate-->no_symptoms-->moderate,moderate,27,3
645,14,18,"rgba(255,128,0,0.2)",severe-->moderate-->moderate-->followup_sensitivity-->moderate,moderate,6,3
646,14,19,"rgba(255,0,0,0.2)",severe-->moderate-->moderate-->followup_efficiency-->moderate,moderate,9,3
647,14,20,"rgba(192,192,192,0.2)",severe-->moderate-->moderate-->inconclusive-->inconclusive,inconclusive,2,3
648,15,17,"rgba(0,0,255,0.2)",severe-->moderate-->severe-->no_symptoms-->moderate,moderate,34,3
649,15,17,"rgba(0,0,255,0.2)",severe-->moderate-->severe-->no_symptoms-->severe,severe,4,3
650,15,18,"rgba(255,128,0,0.2)",severe-->moderate-->severe-->followup_sensitivity-->moderate,moderate,9,3
651,15,18,"rgba(255,128,0,0.2)",severe-->moderate-->severe-->followup_sensitivity-->severe,severe,1,3
652,15,19,"rgba(255,0,0,0.2)",severe-->moderate-->severe-->followup_efficiency-->moderate,moderate,9,3
653,15,19,"rgba(255,0,0,0.2)",severe-->moderate-->severe-->followup_efficiency-->severe,severe,4,3
654,15,20,"rgba(192,192,192,0.2)",severe-->moderate-->severe-->inconclusive-->inconclusive,inconclusive,2,3
655,16,20,"rgba(192,192,192,0.2)",severe-->moderate-->inconclusive-->inconclusive-->inconclusive,inconclusive,2,3
656,13,17,"rgba(0,0,255,0.2)",severe-->moderately_severe-->mild-->no_symptoms-->moderate,moderate,6,3
657,13,18,"rgba(255,128,0,0.2)",severe-->moderately_severe-->mild-->followup_sensitivity-->moderate,moderate,1,3
658,14,17,"rgba(0,0,255,0.2)",severe-->moderately_severe-->moderate-->no_symptoms-->moderate,moderate,33,3
659,14,18,"rgba(255,128,0,0.2)",severe-->moderately_severe-->moderate-->followup_sensitivity-->moderate,moderate,10,3
660,14,19,"rgba(255,0,0,0.2)",severe-->moderately_severe-->moderate-->followup_efficiency-->moderate,moderate,12,3
661,14,20,"rgba(192,192,192,0.2)",severe-->moderately_severe-->moderate-->inconclusive-->inconclusive,inconclusive,2,3
662,15,17,"rgba(0,0,255,0.2)",severe-->moderately_severe-->severe-->no_symptoms-->moderate,moderate,38,3
663,15,17,"rgba(0,0,255,0.2)",severe-->moderately_severe-->severe-->no_symptoms-->severe,severe,11,3
664,15,18,"rgba(255,128,0,0.2)",severe-->moderately_severe-->severe-->followup_sensitivity-->moderate,moderate,22,3
665,15,18,"rgba(255,128,0,0.2)",severe-->moderately_severe-->severe-->followup_sensitivity-->severe,severe,5,3
666,15,19,"rgba(255,0,0,0.2)",severe-->moderately_severe-->severe-->followup_efficiency-->moderate,moderate,26,3
667,15,19,"rgba(255,0,0,0.2)",severe-->moderately_severe-->severe-->followup_efficiency-->severe,severe,11,3
668,15,20,"rgba(192,192,192,0.2)",severe-->moderately_severe-->severe-->inconclusive-->inconclusive,inconclusive,2,3
669,16,20,"rgba(192,192,192,0.2)",severe-->moderately_severe-->inconclusive-->inconclusive-->inconclusive,inconclusive,10,3
670,13,17,"rgba(0,0,255,0.2)",severe-->severe-->mild-->no_symptoms-->severe,severe,4,3
671,13,18,"rgba(255,128,0,0.2)",severe-->severe-->mild-->followup_sensitivity-->severe,severe,1,3
672,14,17,"rgba(0,0,255,0.2)",severe-->severe-->moderate-->no_symptoms-->severe,severe,15,3
673,14,18,"rgba(255,128,0,0.2)",severe-->severe-->moderate-->followup_sensitivity-->severe,severe,6,3
674,14,19,"rgba(255,0,0,0.2)",severe-->severe-->moderate-->followup_efficiency-->severe,severe,2,3
675,14,20,"rgba(192,192,192,0.2)",severe-->severe-->moderate-->inconclusive-->inconclusive,inconclusive,1,3
676,15,17,"rgba(0,0,255,0.2)",severe-->severe-->severe-->no_symptoms-->severe,severe,54,3
677,15,18,"rgba(255,128,0,0.2)",severe-->severe-->severe-->followup_sensitivity-->severe,severe,21,3
678,15,19,"rgba(255,0,0,0.2)",severe-->severe-->severe-->followup_efficiency-->severe,severe,53,3
679,15,20,"rgba(192,192,192,0.2)",severe-->severe-->severe-->inconclusive-->inconclusive,inconclusive,2,3
680,16,20,"rgba(192,192,192,0.2)",severe-->severe-->inconclusive-->inconclusive-->inconclusive,inconclusive,10,3
681,16,20,"rgba(192,192,192,0.2)",severe-->inconclusive-->inconclusive-->inconclusive-->inconclusive,inconclusive,25,3
682,17,21,"rgba(0,255,0,0.2)",mild-->no_symptoms-->no_symptoms-->no_symptoms-->mild,mild,47,4
683,18,22,"rgba(255,128,0,0.2)",mild-->no_symptoms-->no_symptoms-->followup_sensitivity-->moderate,moderate,2,4
684,20,24,"rgba(192,192,192,0.2)",mild-->no_symptoms-->no_symptoms-->inconclusive-->inconclusive,inconclusive,1,4
685,17,21,"rgba(0,255,0,0.2)",mild-->no_symptoms-->mild-->no_symptoms-->mild,mild,125,4
686,18,22,"rgba(255,128,0,0.2)",mild-->no_symptoms-->mild-->followup_sensitivity-->moderate,moderate,9,4
687,19,22,"rgba(255,128,0,0.2)",mild-->no_symptoms-->mild-->followup_efficiency-->moderate,moderate,4,4
688,20,24,"rgba(192,192,192,0.2)",mild-->no_symptoms-->mild-->inconclusive-->inconclusive,inconclusive,1,4
689,17,22,"rgba(255,128,0,0.2)",mild-->no_symptoms-->moderate-->no_symptoms-->moderate,moderate,13,4
690,18,22,"rgba(255,128,0,0.2)",mild-->no_symptoms-->moderate-->followup_sensitivity-->moderate,moderate,2,4
691,19,22,"rgba(255,128,0,0.2)",mild-->no_symptoms-->moderate-->followup_efficiency-->moderate,moderate,1,4
692,20,24,"rgba(192,192,192,0.2)",mild-->no_symptoms-->moderate-->inconclusive-->inconclusive,inconclusive,1,4
693,17,22,"rgba(255,128,0,0.2)",mild-->no_symptoms-->severe-->no_symptoms-->moderate,moderate,1,4
694,20,24,"rgba(192,192,192,0.2)",mild-->no_symptoms-->inconclusive-->inconclusive-->inconclusive,inconclusive,4,4
695,17,21,"rgba(0,255,0,0.2)",mild-->mild-->no_symptoms-->no_symptoms-->mild,mild,77,4
696,18,22,"rgba(255,128,0,0.2)",mild-->mild-->no_symptoms-->followup_sensitivity-->moderate,moderate,3,4
697,19,22,"rgba(255,128,0,0.2)",mild-->mild-->no_symptoms-->followup_efficiency-->moderate,moderate,4,4
698,20,24,"rgba(192,192,192,0.2)",mild-->mild-->no_symptoms-->inconclusive-->inconclusive,inconclusive,2,4
699,17,21,"rgba(0,255,0,0.2)",mild-->mild-->mild-->no_symptoms-->mild,mild,251,4
700,18,22,"rgba(255,128,0,0.2)",mild-->mild-->mild-->followup_sensitivity-->moderate,moderate,45,4
701,19,22,"rgba(255,128,0,0.2)",mild-->mild-->mild-->followup_efficiency-->moderate,moderate,26,4
702,20,24,"rgba(192,192,192,0.2)",mild-->mild-->mild-->inconclusive-->inconclusive,inconclusive,6,4
703,17,22,"rgba(255,128,0,0.2)",mild-->mild-->moderate-->no_symptoms-->moderate,moderate,43,4
704,18,22,"rgba(255,128,0,0.2)",mild-->mild-->moderate-->followup_sensitivity-->moderate,moderate,13,4
705,19,22,"rgba(255,128,0,0.2)",mild-->mild-->moderate-->followup_efficiency-->moderate,moderate,7,4
706,17,22,"rgba(255,128,0,0.2)",mild-->mild-->severe-->no_symptoms-->moderate,moderate,2,4
707,18,22,"rgba(255,128,0,0.2)",mild-->mild-->severe-->followup_sensitivity-->moderate,moderate,1,4
708,19,22,"rgba(255,128,0,0.2)",mild-->mild-->severe-->followup_efficiency-->moderate,moderate,2,4
709,17,24,"rgba(192,192,192,0.2)",mild-->mild-->inconclusive-->no_symptoms-->inconclusive,inconclusive,1,4
710,20,24,"rgba(192,192,192,0.2)",mild-->mild-->inconclusive-->inconclusive-->inconclusive,inconclusive,13,4
711,17,22,"rgba(255,128,0,0.2)",mild-->moderate-->no_symptoms-->no_symptoms-->moderate,moderate,13,4
712,18,22,"rgba(255,128,0,0.2)",mild-->moderate-->no_symptoms-->followup_sensitivity-->moderate,moderate,1,4
713,19,22,"rgba(255,128,0,0.2)",mild-->moderate-->no_symptoms-->followup_efficiency-->moderate,moderate,2,4
714,20,24,"rgba(192,192,192,0.2)",mild-->moderate-->no_symptoms-->inconclusive-->inconclusive,inconclusive,1,4
715,17,22,"rgba(255,128,0,0.2)",mild-->moderate-->mild-->no_symptoms-->moderate,moderate,62,4
716,18,22,"rgba(255,128,0,0.2)",mild-->moderate-->mild-->followup_sensitivity-->moderate,moderate,8,4
717,19,22,"rgba(255,128,0,0.2)",mild-->moderate-->mild-->followup_efficiency-->moderate,moderate,10,4
718,20,24,"rgba(192,192,192,0.2)",mild-->moderate-->mild-->inconclusive-->inconclusive,inconclusive,2,4
719,17,22,"rgba(255,128,0,0.2)",mild-->moderate-->moderate-->no_symptoms-->moderate,moderate,23,4
720,18,22,"rgba(255,128,0,0.2)",mild-->moderate-->moderate-->followup_sensitivity-->moderate,moderate,2,4
721,19,22,"rgba(255,128,0,0.2)",mild-->moderate-->moderate-->followup_efficiency-->moderate,moderate,8,4
722,17,22,"rgba(255,128,0,0.2)",mild-->moderate-->severe-->no_symptoms-->moderate,moderate,2,4
723,18,22,"rgba(255,128,0,0.2)",mild-->moderate-->severe-->followup_sensitivity-->moderate,moderate,1,4
724,19,22,"rgba(255,128,0,0.2)",mild-->moderate-->severe-->followup_efficiency-->moderate,moderate,1,4
725,20,24,"rgba(192,192,192,0.2)",mild-->moderate-->inconclusive-->inconclusive-->inconclusive,inconclusive,5,4
726,17,22,"rgba(255,128,0,0.2)",mild-->moderately_severe-->no_symptoms-->no_symptoms-->moderate,moderate,4,4
727,17,22,"rgba(255,128,0,0.2)",mild-->moderately_severe-->mild-->no_symptoms-->moderate,moderate,6,4
728,18,22,"rgba(255,128,0,0.2)",mild-->moderately_severe-->mild-->followup_sensitivity-->moderate,moderate,2,4
729,19,22,"rgba(255,128,0,0.2)",mild-->moderately_severe-->mild-->followup_efficiency-->moderate,moderate,2,4
730,17,22,"rgba(255,128,0,0.2)",mild-->moderately_severe-->moderate-->no_symptoms-->moderate,moderate,5,4
731,18,22,"rgba(255,128,0,0.2)",mild-->moderately_severe-->moderate-->followup_sensitivity-->moderate,moderate,2,4
732,19,22,"rgba(255,128,0,0.2)",mild-->moderately_severe-->moderate-->followup_efficiency-->moderate,moderate,1,4
733,18,22,"rgba(255,128,0,0.2)",mild-->moderately_severe-->severe-->followup_sensitivity-->moderate,moderate,1,4
734,17,24,"rgba(192,192,192,0.2)",mild-->inconclusive-->severe-->no_symptoms-->inconclusive,inconclusive,1,4
735,20,24,"rgba(192,192,192,0.2)",mild-->inconclusive-->inconclusive-->inconclusive-->inconclusive,inconclusive,49,4
736,17,21,"rgba(0,255,0,0.2)",moderate-->no_symptoms-->no_symptoms-->no_symptoms-->mild,mild,1,4
737,17,21,"rgba(0,255,0,0.2)",moderate-->no_symptoms-->mild-->no_symptoms-->mild,mild,8,4
738,18,22,"rgba(255,128,0,0.2)",moderate-->no_symptoms-->mild-->followup_sensitivity-->moderate,moderate,1,4
739,17,22,"rgba(255,128,0,0.2)",moderate-->no_symptoms-->moderate-->no_symptoms-->moderate,moderate,15,4
740,18,22,"rgba(255,128,0,0.2)",moderate-->no_symptoms-->moderate-->followup_sensitivity-->moderate,moderate,2,4
741,17,22,"rgba(255,128,0,0.2)",moderate-->no_symptoms-->severe-->no_symptoms-->moderate,moderate,2,4
742,17,23,"rgba(255,0,0,0.2)",moderate-->no_symptoms-->severe-->no_symptoms-->severe,severe,5,4
743,18,22,"rgba(255,128,0,0.2)",moderate-->no_symptoms-->severe-->followup_sensitivity-->moderate,moderate,1,4
744,19,22,"rgba(255,128,0,0.2)",moderate-->no_symptoms-->severe-->followup_efficiency-->moderate,moderate,1,4
745,17,21,"rgba(0,255,0,0.2)",moderate-->mild-->no_symptoms-->no_symptoms-->mild,mild,2,4
746,17,21,"rgba(0,255,0,0.2)",moderate-->mild-->mild-->no_symptoms-->mild,mild,61,4
747,18,22,"rgba(255,128,0,0.2)",moderate-->mild-->mild-->followup_sensitivity-->moderate,moderate,15,4
748,19,22,"rgba(255,128,0,0.2)",moderate-->mild-->mild-->followup_efficiency-->moderate,moderate,8,4
749,20,24,"rgba(192,192,192,0.2)",moderate-->mild-->mild-->inconclusive-->inconclusive,inconclusive,2,4
750,17,22,"rgba(255,128,0,0.2)",moderate-->mild-->moderate-->no_symptoms-->moderate,moderate,93,4
751,18,22,"rgba(255,128,0,0.2)",moderate-->mild-->moderate-->followup_sensitivity-->moderate,moderate,14,4
752,19,22,"rgba(255,128,0,0.2)",moderate-->mild-->moderate-->followup_efficiency-->moderate,moderate,13,4
753,20,24,"rgba(192,192,192,0.2)",moderate-->mild-->moderate-->inconclusive-->inconclusive,inconclusive,2,4
754,17,22,"rgba(255,128,0,0.2)",moderate-->mild-->severe-->no_symptoms-->moderate,moderate,20,4
755,18,22,"rgba(255,128,0,0.2)",moderate-->mild-->severe-->followup_sensitivity-->moderate,moderate,7,4
756,19,22,"rgba(255,128,0,0.2)",moderate-->mild-->severe-->followup_efficiency-->moderate,moderate,13,4
757,20,24,"rgba(192,192,192,0.2)",moderate-->mild-->severe-->inconclusive-->inconclusive,inconclusive,1,4
758,20,24,"rgba(192,192,192,0.2)",moderate-->mild-->inconclusive-->inconclusive-->inconclusive,inconclusive,6,4
759,17,22,"rgba(255,128,0,0.2)",moderate-->moderate-->no_symptoms-->no_symptoms-->moderate,moderate,1,4
760,17,22,"rgba(255,128,0,0.2)",moderate-->moderate-->mild-->no_symptoms-->moderate,moderate,43,4
761,18,22,"rgba(255,128,0,0.2)",moderate-->moderate-->mild-->followup_sensitivity-->moderate,moderate,13,4
762,19,22,"rgba(255,128,0,0.2)",moderate-->moderate-->mild-->followup_efficiency-->moderate,moderate,10,4
763,20,24,"rgba(192,192,192,0.2)",moderate-->moderate-->mild-->inconclusive-->inconclusive,inconclusive,2,4
764,17,22,"rgba(255,128,0,0.2)",moderate-->moderate-->moderate-->no_symptoms-->moderate,moderate,83,4
765,18,22,"rgba(255,128,0,0.2)",moderate-->moderate-->moderate-->followup_sensitivity-->moderate,moderate,27,4
766,19,22,"rgba(255,128,0,0.2)",moderate-->moderate-->moderate-->followup_efficiency-->moderate,moderate,22,4
767,20,24,"rgba(192,192,192,0.2)",moderate-->moderate-->moderate-->inconclusive-->inconclusive,inconclusive,2,4
768,17,22,"rgba(255,128,0,0.2)",moderate-->moderate-->severe-->no_symptoms-->moderate,moderate,29,4
769,17,23,"rgba(255,0,0,0.2)",moderate-->moderate-->severe-->no_symptoms-->severe,severe,3,4
770,18,22,"rgba(255,128,0,0.2)",moderate-->moderate-->severe-->followup_sensitivity-->moderate,moderate,15,4
771,18,23,"rgba(255,0,0,0.2)",moderate-->moderate-->severe-->followup_sensitivity-->severe,severe,4,4
772,19,22,"rgba(255,128,0,0.2)",moderate-->moderate-->severe-->followup_efficiency-->moderate,moderate,15,4
773,19,23,"rgba(255,0,0,0.2)",moderate-->moderate-->severe-->followup_efficiency-->severe,severe,1,4
774,20,24,"rgba(192,192,192,0.2)",moderate-->moderate-->inconclusive-->inconclusive-->inconclusive,inconclusive,11,4
775,17,22,"rgba(255,128,0,0.2)",moderate-->moderately_severe-->no_symptoms-->no_symptoms-->moderate,moderate,1,4
776,20,24,"rgba(192,192,192,0.2)",moderate-->moderately_severe-->no_symptoms-->inconclusive-->inconclusive,inconclusive,1,4
777,17,22,"rgba(255,128,0,0.2)",moderate-->moderately_severe-->mild-->no_symptoms-->moderate,moderate,25,4
778,18,22,"rgba(255,128,0,0.2)",moderate-->moderately_severe-->mild-->followup_sensitivity-->moderate,moderate,3,4
779,19,22,"rgba(255,128,0,0.2)",moderate-->moderately_severe-->mild-->followup_efficiency-->moderate,moderate,1,4
780,17,22,"rgba(255,128,0,0.2)",moderate-->moderately_severe-->moderate-->no_symptoms-->moderate,moderate,21,4
781,18,22,"rgba(255,128,0,0.2)",moderate-->moderately_severe-->moderate-->followup_sensitivity-->moderate,moderate,14,4
782,19,22,"rgba(255,128,0,0.2)",moderate-->moderately_severe-->moderate-->followup_efficiency-->moderate,moderate,16,4
783,20,24,"rgba(192,192,192,0.2)",moderate-->moderately_severe-->moderate-->inconclusive-->inconclusive,inconclusive,1,4
784,17,22,"rgba(255,128,0,0.2)",moderate-->moderately_severe-->severe-->no_symptoms-->moderate,moderate,9,4
785,17,23,"rgba(255,0,0,0.2)",moderate-->moderately_severe-->severe-->no_symptoms-->severe,severe,1,4
786,18,22,"rgba(255,128,0,0.2)",moderate-->moderately_severe-->severe-->followup_sensitivity-->moderate,moderate,2,4
787,18,23,"rgba(255,0,0,0.2)",moderate-->moderately_severe-->severe-->followup_sensitivity-->severe,severe,1,4
788,19,22,"rgba(255,128,0,0.2)",moderate-->moderately_severe-->severe-->followup_efficiency-->moderate,moderate,11,4
789,20,24,"rgba(192,192,192,0.2)",moderate-->moderately_severe-->inconclusive-->inconclusive-->inconclusive,inconclusive,5,4
790,17,23,"rgba(255,0,0,0.2)",moderate-->severe-->no_symptoms-->no_symptoms-->severe,severe,1,4
791,17,23,"rgba(255,0,0,0.2)",moderate-->severe-->mild-->no_symptoms-->severe,severe,1,4
792,19,23,"rgba(255,0,0,0.2)",moderate-->severe-->mild-->followup_efficiency-->severe,severe,1,4
793,17,23,"rgba(255,0,0,0.2)",moderate-->severe-->moderate-->no_symptoms-->severe,severe,4,4
794,18,23,"rgba(255,0,0,0.2)",moderate-->severe-->moderate-->followup_sensitivity-->severe,severe,2,4
795,17,23,"rgba(255,0,0,0.2)",moderate-->severe-->severe-->no_symptoms-->severe,severe,2,4
796,18,23,"rgba(255,0,0,0.2)",moderate-->severe-->severe-->followup_sensitivity-->severe,severe,1,4
797,19,23,"rgba(255,0,0,0.2)",moderate-->severe-->severe-->followup_efficiency-->severe,severe,1,4
798,20,24,"rgba(192,192,192,0.2)",moderate-->severe-->inconclusive-->inconclusive-->inconclusive,inconclusive,3,4
799,20,24,"rgba(192,192,192,0.2)",moderate-->inconclusive-->moderate-->inconclusive-->inconclusive,inconclusive,1,4
800,17,24,"rgba(192,192,192,0.2)",moderate-->inconclusive-->severe-->no_symptoms-->inconclusive,inconclusive,1,4
801,20,24,"rgba(192,192,192,0.2)",moderate-->inconclusive-->inconclusive-->inconclusive-->inconclusive,inconclusive,32,4
802,17,21,"rgba(0,255,0,0.2)",severe-->mild-->mild-->no_symptoms-->mild,mild,5,4
803,17,22,"rgba(255,128,0,0.2)",severe-->mild-->moderate-->no_symptoms-->moderate,moderate,8,4
804,18,22,"rgba(255,128,0,0.2)",severe-->mild-->moderate-->followup_sensitivity-->moderate,moderate,1,4
805,17,22,"rgba(255,128,0,0.2)",severe-->mild-->severe-->no_symptoms-->moderate,moderate,8,4
806,17,23,"rgba(255,0,0,0.2)",severe-->mild-->severe-->no_symptoms-->severe,severe,1,4
807,18,22,"rgba(255,128,0,0.2)",severe-->mild-->severe-->followup_sensitivity-->moderate,moderate,2,4
808,19,22,"rgba(255,128,0,0.2)",severe-->mild-->severe-->followup_efficiency-->moderate,moderate,1,4
809,20,24,"rgba(192,192,192,0.2)",severe-->mild-->severe-->inconclusive-->inconclusive,inconclusive,1,4
810,20,24,"rgba(192,192,192,0.2)",severe-->mild-->inconclusive-->inconclusive-->inconclusive,inconclusive,1,4
811,17,22,"rgba(255,128,0,0.2)",severe-->moderate-->mild-->no_symptoms-->moderate,moderate,11,4
812,18,22,"rgba(255,128,0,0.2)",severe-->moderate-->mild-->followup_sensitivity-->moderate,moderate,1,4
813,17,22,"rgba(255,128,0,0.2)",severe-->moderate-->moderate-->no_symptoms-->moderate,moderate,27,4
814,18,22,"rgba(255,128,0,0.2)",severe-->moderate-->moderate-->followup_sensitivity-->moderate,moderate,6,4
815,19,22,"rgba(255,128,0,0.2)",severe-->moderate-->moderate-->followup_efficiency-->moderate,moderate,9,4
816,20,24,"rgba(192,192,192,0.2)",severe-->moderate-->moderate-->inconclusive-->inconclusive,inconclusive,2,4
817,17,22,"rgba(255,128,0,0.2)",severe-->moderate-->severe-->no_symptoms-->moderate,moderate,34,4
818,17,23,"rgba(255,0,0,0.2)",severe-->moderate-->severe-->no_symptoms-->severe,severe,4,4
819,18,22,"rgba(255,128,0,0.2)",severe-->moderate-->severe-->followup_sensitivity-->moderate,moderate,9,4
820,18,23,"rgba(255,0,0,0.2)",severe-->moderate-->severe-->followup_sensitivity-->severe,severe,1,4
821,19,22,"rgba(255,128,0,0.2)",severe-->moderate-->severe-->followup_efficiency-->moderate,moderate,9,4
822,19,23,"rgba(255,0,0,0.2)",severe-->moderate-->severe-->followup_efficiency-->severe,severe,4,4
823,20,24,"rgba(192,192,192,0.2)",severe-->moderate-->severe-->inconclusive-->inconclusive,inconclusive,2,4
824,20,24,"rgba(192,192,192,0.2)",severe-->moderate-->inconclusive-->inconclusive-->inconclusive,inconclusive,2,4
825,17,22,"rgba(255,128,0,0.2)",severe-->moderately_severe-->mild-->no_symptoms-->moderate,moderate,6,4
826,18,22,"rgba(255,128,0,0.2)",severe-->moderately_severe-->mild-->followup_sensitivity-->moderate,moderate,1,4
827,17,22,"rgba(255,128,0,0.2)",severe-->moderately_severe-->moderate-->no_symptoms-->moderate,moderate,33,4
828,18,22,"rgba(255,128,0,0.2)",severe-->moderately_severe-->moderate-->followup_sensitivity-->moderate,moderate,10,4
829,19,22,"rgba(255,128,0,0.2)",severe-->moderately_severe-->moderate-->followup_efficiency-->moderate,moderate,12,4
830,20,24,"rgba(192,192,192,0.2)",severe-->moderately_severe-->moderate-->inconclusive-->inconclusive,inconclusive,2,4
831,17,22,"rgba(255,128,0,0.2)",severe-->moderately_severe-->severe-->no_symptoms-->moderate,moderate,38,4
832,17,23,"rgba(255,0,0,0.2)",severe-->moderately_severe-->severe-->no_symptoms-->severe,severe,11,4
833,18,22,"rgba(255,128,0,0.2)",severe-->moderately_severe-->severe-->followup_sensitivity-->moderate,moderate,22,4
834,18,23,"rgba(255,0,0,0.2)",severe-->moderately_severe-->severe-->followup_sensitivity-->severe,severe,5,4
835,19,22,"rgba(255,128,0,0.2)",severe-->moderately_severe-->severe-->followup_efficiency-->moderate,moderate,26,4
836,19,23,"rgba(255,0,0,0.2)",severe-->moderately_severe-->severe-->followup_efficiency-->severe,severe,11,4
837,20,24,"rgba(192,192,192,0.2)",severe-->moderately_severe-->severe-->inconclusive-->inconclusive,inconclusive,2,4
838,20,24,"rgba(192,192,192,0.2)",severe-->moderately_severe-->inconclusive-->inconclusive-->inconclusive,inconclusive,10,4
839,17,23,"rgba(255,0,0,0.2)",severe-->severe-->mild-->no_symptoms-->severe,severe,4,4
840,18,23,"rgba(255,0,0,0.2)",severe-->severe-->mild-->followup_sensitivity-->severe,severe,1,4
841,17,23,"rgba(255,0,0,0.2)",severe-->severe-->moderate-->no_symptoms-->severe,severe,15,4
842,18,23,"rgba(255,0,0,0.2)",severe-->severe-->moderate-->followup_sensitivity-->severe,severe,6,4
843,19,23,"rgba(255,0,0,0.2)",severe-->severe-->moderate-->followup_efficiency-->severe,severe,2,4
844,20,24,"rgba(192,192,192,0.2)",severe-->severe-->moderate-->inconclusive-->inconclusive,inconclusive,1,4
845,17,23,"rgba(255,0,0,0.2)",severe-->severe-->severe-->no_symptoms-->severe,severe,54,4
846,18,23,"rgba(255,0,0,0.2)",severe-->severe-->severe-->followup_sensitivity-->severe,severe,21,4
847,19,23,"rgba(255,0,0,0.2)",severe-->severe-->severe-->followup_efficiency-->severe,severe,53,4
848,20,24,"rgba(192,192,192,0.2)",severe-->severe-->severe-->inconclusive-->inconclusive,inconclusive,2,4
849,20,24,"rgba(192,192,192,0.2)",severe-->severe-->inconclusive-->inconclusive-->inconclusive,inconclusive,10,4
850,20,24,"rgba(192,192,192,0.2)",severe-->inconclusive-->inconclusive-->inconclusive-->inconclusive,inconclusive,25,4
